empty_slots,free_bikes,id,latitude,longitude,name,timestamp
2,16,fb337bbed72e2be090071e199899b2be,43.665269,-79.319796,Queen St E / Woodward Ave,2023-11-17 15:55:44.074000-05:00
13,1,4ff88d5880e71aa40d34cfe5d09b0ca7,43.67142,-79.445947,Primrose Ave / Davenport Rd,2023-11-17 15:55:44.075000-05:00
14,8,a09c67c0b419654d907c9134b108e328,43.666224,-79.317693,Queen St E / Rhodes Ave,2023-11-17 15:55:44.076000-05:00
4,31,d6a9daee68070a8b106cfb598d81308c,43.653236,-79.376716,Bond St / Queen St E,2023-11-17 15:55:44.101000-05:00
9,17,8f8af40d9388c8a3962559e8681d3db7,43.663722,-79.380288,Church St / Alexander St,2023-11-17 15:55:44.104000-05:00
1,24,5a441560e262305d1934fb3ada5a9517,43.657763,-79.389165,University Ave / Gerrard St W (East Side),2023-11-17 15:55:44.106000-05:00
6,16,18ea490ab3ca4d10e2927308416edbef,43.656729,-79.382736,Edward St / Yonge St,2023-11-17 15:55:44.108000-05:00
17,0,b7850948607474362d3728f19a77fdff,43.664467,-79.414783,Euclid Ave / Bloor St W,2023-11-17 15:55:44.125000-05:00
21,0,7ffd06e0207f80fe1ff6b5ae0bb0544c,43.675492,-79.388858,Yonge St / Aylmer Ave,2023-11-17 15:55:44.140000-05:00
9,0,17fadbdc5848036c8485099bbf517294,43.674991,-79.396273,Davenport Rd / Avenue Rd,2023-11-17 15:55:44.141000-05:00
15,1,843dcb87ce2ddb002d2b2900a5418355,43.671944,-79.387778,Yonge St / Yorkville Ave,2023-11-17 15:55:44.143000-05:00
5,11,438406694750984faa317bc6b1f3f909,43.662365,-79.351104,Dundas St E / Broadview Ave,2023-11-17 15:55:44.144000-05:00
19,27,41c3e6d3bf3bd993e7d56e22084ab5ee,43.646144,-79.377962,Front St W / Yonge St (Hockey Hall of Fame),2023-11-17 15:55:44.146000-05:00
9,2,c95712a6fe0babf73cb9da2c05889749,43.663993,-79.358534,Gerrard St E / River St,2023-11-17 15:55:44.149000-05:00
22,5,2aedc79960408d746f43fb1d91bf7030,43.657266,-79.374756,Jarvis St / Dundas St E,2023-11-17 15:55:44.149000-05:00
12,3,784016bbba7f7be920647e7f8ec00251,43.6672144,-79.3452697,Logan Av / Gerrard St E,2023-11-17 15:55:44.242000-05:00
14,1,77f9f2420581968255251d9f26c78024,43.673939,-79.441159,Regal Rd / Dufferin St,2023-11-17 15:55:44.243000-05:00
7,3,7461a94289f2956b380e5b7684b56a1e,43.657991,-79.340075,Morse St / Eastern Ave,2023-11-17 15:55:44.253000-05:00
4,16,69dc0257a4d3a1dcd5af06dc3b4eed8c,43.66745,-79.329408,Alton Ave / Dundas St E (Greenwood Park),2023-11-17 15:55:44.254000-05:00
2,12,365a0f49bf1c9b42c35b531688b9fed9,43.672453,-79.338259,Blake St / Boultbee Ave,2023-11-17 15:55:44.255000-05:00
6,8,49021f20833894e3dbfaea4fb6e7a9dc,43.6592088,-79.3348396,Eastern Ave / Winnifred Ave,2023-11-17 15:55:44.255000-05:00
22,0,3910976dfd5888140602a42b14637022,43.689211,-79.35438,Gamble Ave / Broadview Ave,2023-11-17 15:55:44.257000-05:00
3,13,1fe2e0ad1678ffaf965b10e03a08aaf2,43.656927,-79.378497,111 Bond St (North of Dundas St E)  - SMART,2023-11-17 15:55:44.265000-05:00
11,4,e565aef96d6d5fce5279ef6f24b9ce69,43.658295,-79.372346,Dundas St E / Pembroke St - SMART,2023-11-17 15:55:44.268000-05:00
15,4,c765943cac057b6cac0946eff428bf5b,43.6940155,-79.2889842,Victoria Park Subway Station - SMART,2023-11-17 15:55:44.273000-05:00
16,0,e0dec8b8f5ed285bfbd952bb253084f4,43.6809164,-79.4229684,Wychwood Ave / Benson Ave - SMART,2023-11-17 15:55:44.279000-05:00
12,0,5ee5f79fc51737623d425310eb0bf02b,43.6910667,-79.39535,Lawton Blvd / Yonge St,2023-11-17 15:55:44.306000-05:00
12,3,0daa4477ec313c30dc3036f4bd45e0ba,43.6975969,-79.39654,Yonge St / Davisville Ave,2023-11-17 15:55:45.558000-05:00
32,2,e2911ec2b832c350dad0a8831a30d273,43.639832,-79.395954,Fort York  Blvd / Capreol Ct,2023-11-17 15:55:44.324000-05:00
13,4,57ef343f4e12ae497e29c3693d922197,43.667333,-79.399429,St. George St / Bloor St W,2023-11-17 15:55:44.340000-05:00
0,22,a0100ff8f210b72706e06b4c31a329fe,43.6480008,-79.383177,King St W / York St,2023-11-17 15:55:44.341000-05:00
7,2,32cb4912f6d3269c070a43e658dea18d,43.656518,-79.389099,University Ave / Elm St,2023-11-17 15:55:44.342000-05:00
15,0,75b9fc3e9bf42a5d26fa1393d9ce72ed,43.687999,-79.38906,Rosehill Ave / Avoca Ave - SMART,2023-11-17 15:55:44.345000-05:00
13,0,d3e1a4057d9bf7c31c216017a0f1989b,43.6563889,-79.45166666666667,Bloor St W / Dundas St W,2023-11-17 15:55:44.357000-05:00
13,5,8a4d335d5540e0c2132ffdb1def165f6,43.639179,-79.399595,Bathurst St / Fort York Blvd,2023-11-17 15:55:44.358000-05:00
3,12,359ce82fbe9d1e9e9962321e62f6066f,43.6616667,-79.40138888888889,Spadina Ave / Willcocks St,2023-11-17 15:55:44.360000-05:00
19,0,4077bf05c083f50d09a52487fd234193,43.66666667,-79.45833333333334,Cariboo Ave / Railpath Trail,2023-11-17 15:55:44.360000-05:00
13,0,43e5df21054d20adc56c6aa3544b5980,43.657192,-79.452559,Dundas St W / Edna Ave,2023-11-17 15:55:44.372000-05:00
8,4,6aa469025f8c5ff029052fab35bca1f4,43.6576,-79.4032,College St / Major St,2023-11-17 15:55:44.386000-05:00
17,2,b086f4ccca33b1b976b40abe69b78d42,43.660694,-79.379052,McGill St / Church St,2023-11-17 15:55:44.390000-05:00
7,18,0fa15700b0d780b8f810ced06a01760d,43.636533,-79.395854,Queens Quay W / Dan Leckie Way,2023-11-17 15:55:44.393000-05:00
9,9,c3033415413ac24bf33672aa79838018,43.659777,-79.382767,College Park South,2023-11-17 15:55:44.396000-05:00
2,8,ce6e330ba7f61e0453dc1567eaa02745,43.643667,-79.380414,25 York St – Union Station South,2023-11-17 15:55:44.398000-05:00
9,13,049c76540151608ec55bfcd0e1748f41,43.666233,-79.373327,161 Bleecker St (South of Wellesley),2023-11-17 15:55:44.401000-05:00
5,14,55a100afdce605b59cf4acbefcdf3213,43.640114,-79.393249,Spadina Ave / Fort York Blvd,2023-11-17 15:55:44.411000-05:00
0,10,422a936ddcb551dd9f26ec313a450057,43.653766,-79.4016759,Augusta Ave / Denison Sq,2023-11-17 15:55:44.441000-05:00
13,1,e38ee1ccd4c3964a5c0d308d29403b88,43.6538888888889,-79.4413888888889,Lansdowne Ave / Whytock Ave,2023-11-17 15:55:44.444000-05:00
17,1,fc5b892aa82601e2374e8c1772dde569,43.6508333333333,-79.4430555555556,Sterling Rd / Dundas St W,2023-11-17 15:55:44.445000-05:00
15,0,90ec8d1df4740c1de95c087a11617c47,43.651238,-79.43868,St Clarens Ave / College St,2023-11-17 15:55:44.449000-05:00
8,2,452241fc4e912119f006a20b4b0099cf,43.6544915,-79.422634,Ossington Ave / College St,2023-11-17 15:55:44.450000-05:00
10,1,eb20e0b8c7c8bf1fc4157a3b715e2837,43.6543604,-79.4655296,High Park Subway Station,2023-11-17 15:55:44.455000-05:00
3,16,baedec3042f7094d0564ef8a1295e5d8,43.635932,-79.465083,Lake Shore Blvd W / Ellis Ave,2023-11-17 15:55:44.460000-05:00
7,5,196146f920152f5d70175a14f0e88184,43.654501,-79.460053,Parkside Dr / Bloor St W - SMART,2023-11-17 15:55:44.465000-05:00
3,15,e4481e45d22462b01aca9513d8f5674e,43.634896,-79.467763,Lake Shore Blvd W / Windermere Ave,2023-11-17 15:55:44.466000-05:00
16,15,0cf5a51077c51159b5d6c8ed5b4c9db5,43.6314,-79.4304,Martin Goodman Trail (Marilyn Bell Park),2023-11-17 15:55:44.468000-05:00
7,10,59ef2a57efd0caf7727dbb6451bb8808,43.636731,-79.444966,Lake Shore Blvd W / The Boulevard Club,2023-11-17 15:55:44.469000-05:00
11,1,fe00988a883c9469b82d17221ef1824b,43.6534268,-79.4512787,Dundas St W / Roncesvalles Ave Green P -SMART,2023-11-17 15:55:44.470000-05:00
16,0,f376aecd6bb0d97d5d1580e9537017dd,43.7112153,-79.39894,Erskine Ave / Yonge St SMART,2023-11-17 15:55:44.477000-05:00
12,2,d04f206f6afecb72f5821586d56f5071,43.655227,-79.39201,D'Arcy St / McCaul St - SMART,2023-11-17 15:55:44.481000-05:00
7,5,d7227eafd0ff8024632b2c9cef1f209c,43.685167,-79.34962,Mortimer Ave / Carlaw Ave SMART,2023-11-17 15:55:44.482000-05:00
7,2,0ec9fc6c92f35e65f603cd6e7c550f1f,43.6704537,-79.39014,Cumberland St / Bay St SMART,2023-11-17 15:55:44.482000-05:00
15,0,d9b63bdad84959af04feaa873f9c0eaf,43.6691099,-79.38551,20 Charles St E,2023-11-17 15:55:44.483000-05:00
12,2,0ff8f31be644b9e2af6d38b89bf42c07,43.641389,-79.404444,Niagara St / Tecumseth St,2023-11-17 15:55:44.505000-05:00
4,10,01caf8b12874b091f2fccc3818e3c72e,43.643834,-79.396649,424 Wellington St W,2023-11-17 15:55:44.521000-05:00
2,14,bb30daddc7221e19cffecf3ac108f28c,43.6545174,-79.3895315,Dundas St W / St. Patrick St,2023-11-17 15:55:44.581000-05:00
16,0,f52bcef41a84669da7a468cfc4531356,43.665846,-79.404998,Robert St / Bloor St W - SMART,2023-11-17 15:55:44.594000-05:00
1,11,ccb82af3c137b126999a511eaead0f38,43.6461,-79.3895,John St  / Mercer St - SMART,2023-11-17 15:55:44.595000-05:00
1,9,05d7abba295be4af9e74ca3ec241ebd7,43.671349,-79.29451,Queen St E / Hammersmith Ave,2023-11-17 15:55:44.596000-05:00
8,7,973748f7f27229b41ca0d2a96dea777e,43.667208,-79.312315,Queen St. E / Eastern Ave,2023-11-17 15:55:44.609000-05:00
1,18,e5a7fc18db4989ecaf70a7e98866faee,43.669328,-79.288949,Hubbard Blvd / Balsam Av,2023-11-17 15:55:44.610000-05:00
1,13,c7cbc921ca5b8310e7218ca5669ad83f,43.672571,-79.289,Queen St. E / Spruce Hill Rd.,2023-11-17 15:55:44.621000-05:00
0,18,d1de2ddc0ea8a90d00ff717ad60a2f23,43.638497,-79.39192,Lower Spadina Ave / Lake Shore Blvd W,2023-11-17 15:55:44.622000-05:00
15,0,61291082be03c77f92f883b95292557a,43.662771,-79.315223,Lower Coxwell Ave /  Lake Shore Blvd E,2023-11-17 15:55:44.623000-05:00
10,0,d60491c58bb95d6ddefb1f1b1ac3f56f,43.66852,-79.363525,Amelia St / Sumach St,2023-11-17 15:55:44.624000-05:00
5,8,d81d4d6231b9da01ba7f3d6e50728ca8,43.652473,-79.401456,Augusta Ave / Dundas St W,2023-11-17 15:55:44.664000-05:00
0,23,d0a8478c786cb2480de4fcecda844781,43.643975,-79.419576,Queen St W / Ossington Ave,2023-11-17 15:55:44.670000-05:00
0,19,1053161189e46ea1c3122c94b644bc9d,43.651318,-79.36023,Trinity St /Front St E,2023-11-17 15:55:44.670000-05:00
6,24,02feaaef65cff4671fb1935179895659,43.656094,-79.381484,Dundas St W / Yonge St,2023-11-17 15:55:44.672000-05:00
6,1,b076c918fa10b274340bcdb0f0bca1a6,43.670318,-79.405181,Kendal Ave / Spadina Rd,2023-11-17 15:55:44.675000-05:00
25,2,45be3a2b4a327ff6abac542ddc406738,43.676667,-79.416111,Davenport Rd / Bathurst St,2023-11-17 15:55:44.680000-05:00
7,16,ad436e2a229c14d4611cbcacd7cf026f,43.640634,-79.435841,Queen St W / Close Ave,2023-11-17 15:55:44.681000-05:00
4,18,dc268bf6d12c7311db0b5b61b3304b03,43.639444,-79.423611,King St W / Joe Shuster Way,2023-11-17 15:55:44.706000-05:00
11,0,0abdfc3177000757dcd71bd4c8b479ee,43.67,-79.42083333333333,Yarmouth Rd / Christie St,2023-11-17 15:55:44.707000-05:00
14,1,37c32c09c594b83701b3b8f6e32db605,43.671389,-79.416389,Palmerston Ave / Vermont Ave,2023-11-17 15:55:44.707000-05:00
13,6,8536b57314846d3b42645c0023e6e60d,43.68,-79.42500000000001,Christie St / Benson Ave (Wychwood Barns),2023-11-17 15:55:44.708000-05:00
8,5,8db5b143b08ea1fed85f0702fcfe01ec,43.6394444,-79.42527777777778,King St W / Fraser Ave,2023-11-17 15:55:44.709000-05:00
15,0,879f0d4ef4403ab902e541528bf329f6,43.675791,-79.40698,Macpherson Ave / Spadina Rd,2023-11-17 15:55:44.710000-05:00
12,0,c497911a9c04bebbbc32e5211c081f85,43.675556,-79.410278,Bridgman Ave / Kendal Ave,2023-11-17 15:55:44.711000-05:00
13,0,2e19220f1e64559e88f3c48b3ebf2916,43.674444,-79.414722,Bridgman Ave / Bathurst St,2023-11-17 15:55:44.712000-05:00
13,1,afa3ff2218a5d1817934c7c7c7bb5d19,43.671513,-79.408317,Kendal Ave / Bernard Ave,2023-11-17 15:55:44.712000-05:00
17,2,ddba9c631e11fbae48e2be60289f60c2,43.6783213,-79.35822,Pretoria Ave / Broadview Ave,2023-11-17 15:55:44.751000-05:00
19,3,a7ca61373064c6581461132f1ae050de,43.6848652,-79.356602,Broadview Ave / Westwood Ave,2023-11-17 15:55:44.751000-05:00
16,2,62a1c39596c3d512dfa04f1d29b81035,43.68395,-79.347046,Fulton Ave / Pape Ave,2023-11-17 15:55:44.753000-05:00
11,6,b960be1eba97f5aefc6ad39ecc93cb11,43.690537,-79.341307,Cosburn Ave / Donlands Ave,2023-11-17 15:55:44.759000-05:00
13,2,908b17c0d06011373777bace0a3cd74c,43.704461,-79.423122,Beltline Trail / Chaplin Cres,2023-11-17 15:55:44.760000-05:00
1,17,d2ce6ae839b7df2c912ab140253a5574,43.659195,-79.329196,Lake Shore Blvd E / Leslie St,2023-11-17 15:55:44.762000-05:00
2,15,1d35b8fd44d73aabbb39f6e142ee3e7e,43.651885,-79.3649,King St E / Berkeley St,2023-11-17 15:55:44.763000-05:00
21,1,72de8a8e0a0966768f8115d755532e4c,43.682645,-79.377557,Rosedale Park (20 Scholfield Ave),2023-11-17 15:55:44.764000-05:00
11,3,4c18c44e6f93e57321d327124945cb19,43.6475,-79.43305555555555,Mary McCormick Rec Centre (Sheridan Ave),2023-11-17 15:55:44.778000-05:00
0,5,65b3d69f8a07aec4897e485e2ccb1461,43.6494896,-79.393535,Soho St / Queen St W,2023-11-17 15:55:44.781000-05:00
18,1,071b427d1f3f600d6b9f35ca6576ebe2,43.671526,-79.44874,Davenport Rd / Lansdowne Ave,2023-11-17 15:55:44.832000-05:00
3,16,08b57a79795bbd49a15e4a3692ee924f,43.6452972,-79.3827914,Front St W / University Ave (2),2023-11-17 15:55:44.838000-05:00
2,15,fe806cf907683c67f4d2899eb4123f00,43.6452091,-79.3960744,457 King St W,2023-11-17 15:55:44.840000-05:00
12,6,dad51db43939490092b81d8cea72e018,43.6555556,-79.43361111111112,Dufferin St / Sylvan Av (Dufferin Grove Park),2023-11-17 15:55:44.841000-05:00
16,0,d1327be417a65e26c8bb501ea3e43a2b,43.678077,-79.390328,Roxborough St W / Yonge St,2023-11-17 15:55:44.842000-05:00
2,15,d06ed2c21f6ff4e4cbc77b64e65bd801,43.645665,-79.415345,Crawford St / Queen St W,2023-11-17 15:55:44.843000-05:00
4,1,97db697b7ef7a4de9ca17b9bd037e80f,43.6493472,-79.42668,Lisgar St / Dundas St W - SMART,2023-11-17 15:55:44.844000-05:00
15,12,789f216e52af17d73307365401bb9109,43.660207,-79.361275,Dundas St E / Regent Park Blvd,2023-11-17 15:55:44.850000-05:00
10,13,9c5b6e6af1002ebba73b6be3039e78a2,43.648655,-79.367061,Lower Sherbourne St / The Esplanade,2023-11-17 15:55:44.851000-05:00
11,20,ceb52586adc7097b47183068a3d24862,43.648711,-79.389728,Nelson St / Duncan St,2023-11-17 15:55:44.852000-05:00
3,12,4b5b510307e10e878321a5eaa419c976,43.6605603,-79.3437663,Jimmie Simpson Park (Queen St E),2023-11-17 15:55:44.857000-05:00
4,10,ed77bb45e5a6964a4b94c780d5c21584,43.6561111,-79.36138888888888,Queen St E / Sackville St,2023-11-17 15:55:44.885000-05:00
1,26,419d42f093b90ba03bd31b21039ff5f0,43.652219,-79.354455,Mill St / Tannery Rd,2023-11-17 15:55:44.889000-05:00
3,12,b3fca97a4a4308fefb648b6815e3907d,43.650279,-79.356832,Cherry St / Distillery Ln,2023-11-17 15:55:44.890000-05:00
2,8,17b0d8ca1c69eca14d3173c15fa144e4,43.649147,-79.395504,Queen St W / Spadina Ave,2023-11-17 15:55:44.944000-05:00
5,32,6e85452c2c8acbdaa8f298911d9996ec,43.643795,-79.375413,Yonge St / Harbour St,2023-11-17 15:55:44.950000-05:00
2,15,c4077147fd13aa009cb7f1a59b0f8178,43.662085,-79.397735,Willcocks St / St. George St,2023-11-17 15:55:44.951000-05:00
9,3,b894ec8d0d8ab0f3a9bf708ee4c90d14,43.659575,-79.365769,Dundas St E / Parliament St,2023-11-17 15:55:44.952000-05:00
2,15,771cba7a53aa4e47d29c790c9190ef40,43.65205,-79.362198,51 Parliament St,2023-11-17 15:55:44.957000-05:00
8,15,195c1a917f697ab4b4fb52431e921423,43.668456,-79.393899,Queen's Park / Bloor St W,2023-11-17 15:55:44.958000-05:00
14,5,e67960ae2a91a3adf6adf65a92dfd09f,43.639052,-79.399792,Fort York Blvd / Bathurst St - SMART,2023-11-17 15:55:44.977000-05:00
8,6,4b7f75302d4eec9130e1e486ba486571,43.6448617,-79.42822,Alma Ave / Gladstone Ave SMART,2023-11-17 15:55:44.978000-05:00
6,12,b457bbc38d074d5a3ea939b4d6e0d873,43.6409,-79.432837,Queen St W / Cowan Ave,2023-11-17 15:55:44.993000-05:00
13,2,1e01daecd9b52d95d82346c5c81d2ba0,43.660414,-79.415646,Harbord St / Clinton St,2023-11-17 15:55:44.998000-05:00
7,2,82051b9dc79b4b401acc0872abc734a9,43.661975,-79.407896,Central Tech  (Harbord St),2023-11-17 15:55:45.001000-05:00
10,1,4504736e6ccb393e9f89000f91479688,43.65905,-79.422988,Roxton Rd / Harbord St,2023-11-17 15:55:45.004000-05:00
10,1,b4e20439535ceebae999cba2f02789eb,43.66,-79.4088888888889,Ulster St / Bathurst St,2023-11-17 15:55:45.009000-05:00
19,1,09007b5f868cd54be0f040f9a9a75c42,43.690564,-79.326319,Mortimer Ave / Coxwell Ave,2023-11-17 15:55:45.010000-05:00
13,2,7f29cbdced0d217c129cc9648f1becbe,43.688325,-79.300463,Danforth Ave / Barrington Ave,2023-11-17 15:55:45.538000-05:00
22,1,722489dd6bf1f264c874454cf3f3f56a,43.65716,-79.46478,Pacific Ave / Glenlake Ave,2023-11-17 15:55:45.020000-05:00
10,5,b1bb117ee97b3fef3ac3b57ae12329f8,43.6772,-79.35858,Broadview Subway Station,2023-11-17 15:55:45.049000-05:00
7,11,524590c5d3e31674dbdbda29cf6a13c6,43.662712,-79.379903,Church St  / Wood St,2023-11-17 15:55:45.051000-05:00
15,8,135f69ed3bde48aaf1d0006b4f080149,43.658938,-79.383518,College Park - Gerrard Entrance,2023-11-17 15:55:45.059000-05:00
6,8,fe97ae335b31b6c455f340f397904d38,43.683378,-79.322961,Danforth Ave / Coxwell Ave,2023-11-17 15:55:45.075000-05:00
1,13,d8db167197846ff7cbe59c9a35aed587,43.6425636,-79.3762,12 Harbour St,2023-11-17 15:55:45.105000-05:00
10,2,391a459d2ca6e2c8eefa90736b2e9142,43.6521,-79.4486,Howard Park Ave / Dundas St W - SMART,2023-11-17 15:55:45.114000-05:00
12,1,97a0a3eefa88468c8389efa6bbbd2f50,43.669969,-79.386532,Yonge St / Bloor St,2023-11-17 15:55:45.117000-05:00
3,13,0ac5489c6a4750403c053598153880b0,43.633473,-79.425679,Dufferin Gate - SMART,2023-11-17 15:55:45.119000-05:00
23,10,0e89e5d6c910f6df787cd9c903ade959,43.630254,-79.420317,Lake Shore Blvd W / Ontario Dr,2023-11-17 15:55:45.132000-05:00
34,0,d0d6832dcab19b3cb35c2474d2e8c088,43.662403,-79.423098,Bloor St W / Shaw St - SMART,2023-11-17 15:55:45.133000-05:00
15,1,beb87ea54499f95a614653924c99b9c4,43.656945,-79.424911,Concord Ave / Dewson St,2023-11-17 15:55:45.134000-05:00
18,1,d8c6779ffdcc8889412fd4c9b0a08c35,43.6817346,-79.4184725,Hocken Ave / Vaughan Rd,2023-11-17 15:55:45.135000-05:00
15,1,fba4560a5641afdb69a97d04466ef788,43.683296,-79.418734,St Clair Ave W / Bathurst St.,2023-11-17 15:55:45.163000-05:00
5,13,a943462e1ee05f0073b647a5b787f81d,43.673831,-79.281455,Queen St E / Nursewood Rd,2023-11-17 15:55:45.165000-05:00
1,20,e3c4ef5e47b905992ebcd262cc3df594,43.666325,-79.3014,Kewbeach Ave / Kenilworth Ave,2023-11-17 15:55:45.166000-05:00
13,3,044fd938d016b91837e9b02be913b5c7,43.651145,-79.423742,Lakeview Ave / Harrison St (Green P) – SMART,2023-11-17 15:55:45.167000-05:00
17,1,c8cc2df4c8343778481f7f7c53499df7,43.654905,-79.398448,Baldwin St / Spadina Ave - SMART,2023-11-17 15:55:45.170000-05:00
2,18,db9bcdbd258af5174a3e6d725807957e,43.651118,-79.369411,Frederick St / King St E,2023-11-17 15:55:45.178000-05:00
10,0,2037c7d47c8b7babcd2c4a058a66a6c8,43.6571,-79.4056,College St / Borden St,2023-11-17 15:55:45.201000-05:00
5,25,73555343619c6b9d1253029204bbd5cd,43.652823,-79.393388,Beverley  St / Dundas St W,2023-11-17 15:55:45.204000-05:00
11,4,d4c9a3af6604468422edfb03f56462db,43.665527,-79.387499,Bay St / St. Joseph St,2023-11-17 15:55:45.205000-05:00
10,18,6e0b53806a9d068b042fa21bd67c5418,43.6582,-79.3768,Gould St / Mutual St,2023-11-17 15:55:45.215000-05:00
12,2,c6f56ec0831b791abbce0992adba6318,43.671172,-79.354704,Riverdale Park North (Broadview Ave),2023-11-17 15:55:45.252000-05:00
14,0,3b2853992a1700739c8fa569801e1c48,43.677076,-79.35667,Danforth Ave / Ellerbeck St,2023-11-17 15:55:45.254000-05:00
13,1,18f8c64419b95e0c4692621928ce7dd6,43.680223,-79.344062,Pape Subway Station (Green P),2023-11-17 15:55:45.255000-05:00
13,3,a9f7723da0cc432f4d057e3ceede292e,43.678401,-79.346289,Danforth Ave / Gough Ave,2023-11-17 15:55:45.256000-05:00
15,2,79b67fbfd130d41c9162e805a9e755be,43.681991,-79.329455,Danforth Ave / Lamb Ave,2023-11-17 15:55:45.257000-05:00
10,4,667cd54aa27ec06620753f3d19a78b3d,43.6422222,-79.41111111111111,King St W / Stafford St,2023-11-17 15:55:45.261000-05:00
18,1,37b46f2e5573e69f5451dc09c0c14660,43.663808,-79.410491,Bathurst St / Lennox St,2023-11-17 15:55:45.263000-05:00
23,0,8db545a0135f7b92022fbdbbc75af6c4,43.6666667,-79.41166666666668,Bathurst Subway Station,2023-11-17 15:55:45.264000-05:00
16,1,78ac4436b3398ac55b47569863af6c41,43.6638889,-79.41888888888889,Bloor St W / Christie St,2023-11-17 15:55:45.265000-05:00
10,0,6d45f03d18059ba5e61f0d44a0cea59d,43.661705,-79.425734,Ossington Ave / Bloor St W,2023-11-17 15:55:45.269000-05:00
18,1,cf1adac21d23e26855ea06278b5cd149,43.6686111,-79.42027777777778,Essex St / Christie St - SMART,2023-11-17 15:55:45.270000-05:00
18,1,3863dd61e00ea66710f789ae4297a2d2,43.665327,-79.43235,Westmoreland Ave / Fernbank Ave,2023-11-17 15:55:45.283000-05:00
16,2,46bdd4a2b7715a9e32917b830777f17f,43.657343,-79.43112,Havelock St / Dufferin Park,2023-11-17 15:55:45.284000-05:00
17,6,6ac9cdf0b92883715b404d41c779af0b,43.645324,-79.40345,Bathurst St / Adelaide St W,2023-11-17 15:55:45.285000-05:00
1,14,a0582ad73e21704a28197ee3c0aa4bcd,43.650256,-79.36163,Mill St / Parliament St,2023-11-17 15:55:45.286000-05:00
19,0,bc19a4e6924e29937e76c9e82b55584c,43.651111111111106,-79.4213888888889,Ossington Ave / Harrison St,2023-11-17 15:55:45.316000-05:00
14,1,71debce521f35fd4e280e8ee1e2dd8cc,43.656296,-79.414663,80 Clinton St,2023-11-17 15:55:45.317000-05:00
6,5,5dd14c8888280d1274f6ad3e04f6d6cd,43.651281,-79.411717,Claremont St / Dundas St W,2023-11-17 15:55:45.327000-05:00
13,2,d7bb48a755f69109f6584df0a207c9b2,43.65277778,-79.42972222,Rusholme Park Cres / College St,2023-11-17 15:55:45.328000-05:00
14,3,e53f168eadc3a7e3b9704193c739cb12,43.655,-79.418889,College St / Crawford St,2023-11-17 15:55:45.328000-05:00
1,16,3e05658e4bcad33e9d606744235dadcc,43.663912,-79.327987,Queen St E / Alton Av,2023-11-17 15:55:45.446000-05:00
1,13,ab92855299769ca50b1354e489b31a31,43.6462176,-79.3855048,Simcoe St / Wellington St W North,2023-11-17 15:55:45.447000-05:00
7,12,20671fface2f37dd6d2d4263534c29e5,43.69595,-79.328535,Coxwell Ave / Plains Rd,2023-11-17 15:55:45.456000-05:00
13,1,67862da2d3680a6eaa417b8ce2d945d4,43.6753188,-79.3462789,Carlaw Ave / Strathcona Ave,2023-11-17 15:55:45.462000-05:00
4,6,fbf3bb78beefa587d54c8b24e2533469,43.6720273,-79.3470557,Logan Ave / Bain Ave,2023-11-17 15:55:45.463000-05:00
3,16,f42363acf4af847ca6fcdbe9b48c8290,43.637981,-79.424146,Liberty St / Fraser Ave Green P,2023-11-17 15:55:45.472000-05:00
5,5,3c85f738ad60e03252f1d62fec2f34d6,43.640885,-79.416379,King St W / Douro St,2023-11-17 15:55:45.473000-05:00
5,9,c7948cf5155f3ddaefa9a8279f203b5a,43.6552778,-79.36583333333333,Queen St E / Berkeley St,2023-11-17 15:55:45.474000-05:00
14,0,908d3c912d6d67c7a5e2bb94d1ae7df3,43.6712581,-79.376367,Howard St / Sherbourne St,2023-11-17 15:55:45.475000-05:00
22,4,13e6abf323682b291aadb3371ce32cc7,43.664524,-79.36793,Carlton St / Parliament St,2023-11-17 15:55:45.476000-05:00
11,3,e46a04a7825e44fa858bc0cb00a4458a,43.665867,-79.362506,Sumach St / Carlton St (Riverdale Farm),2023-11-17 15:55:45.477000-05:00
1,17,5db77b72334a7b8823a28662a03f8e38,43.648575,-79.380042,King St W / Bay St (East Side),2023-11-17 15:55:45.477000-05:00
1,11,c955acbcda8513471837f2aa55a98fb1,43.643473,-79.390477,Front St W / Blue Jays Way,2023-11-17 15:55:45.489000-05:00
4,23,6d07f3c1d79ff6816c5c04a7def6e6eb,43.645859,-79.38783,Metro Hall Plaza,2023-11-17 15:55:45.491000-05:00
9,2,019e5937c3fc120cee906770bca8fa69,43.640722,-79.391051,Navy Wharf Crt / Bremner Blvd,2023-11-17 15:55:45.503000-05:00
14,1,3754aff9599513c7ba4e4649ea3818dd,43.66207,-79.37617,Jarvis St / Carlton St,2023-11-17 15:55:45.503000-05:00
4,7,e0ae749c309ee887012688bbd69c8b10,43.660206,-79.3244,Lake Shore Blvd E / Knox Ave,2023-11-17 15:55:45.528000-05:00
1,14,ee45e3b6a9f07f4581d82c06d9bd5f51,43.668633,-79.291162,Hubbard Blvd. / Glen Manor Dr.,2023-11-17 15:55:44.593000-05:00
3,8,af0a7227a67fe55fb0c12597326e6b3b,43.665801,-79.384796,Yonge St / Dundonald St - SMART,2023-11-17 15:55:45.555000-05:00
20,0,4f8770c2a0ee3962babd83913df2e99c,43.668153,-79.38891,Bay St / Charles St W - SMART,2023-11-17 15:55:45.556000-05:00
7,7,d70594ad9c923bbbae6602d2dff4d154,43.657024,-79.377257,Church St / Dundas St E - SMART,2023-11-17 15:55:45.557000-05:00
14,3,9a5a9a00b6f0cb77047f37e70887d891,43.662862,-79.383572,Yonge St / Alexander St - SMART,2023-11-17 15:55:44.317000-05:00
19,1,f0af815a9e6c12bd0382843e03fd322f,43.7063473,-79.40161,Eglinton Ave W / Henning Ave SMART,2023-11-17 15:55:45.562000-05:00
34,0,b3786025b3e4a46d9a21d6b82087cd12,43.6978701,-79.39419,Balliol St / Yonge St  SMART,2023-11-17 15:55:45.563000-05:00
18,1,44bdbe8a2ac75fbe4cc0edf41fe1d4fa,43.696708,-79.40045,Frobisher Ave / Lascelles Blvd,2023-11-17 15:55:45.564000-05:00
0,9,ba979c39b60f1144fc9dd91faaeeea64,43.6476616,-79.37549,Front St E / Scott St,2023-11-17 15:55:45.565000-05:00
4,13,eb9f4cf130feebf9af0dc0225411eb98,43.6487245,-79.36839,Frederick St / The Esplanade,2023-11-17 15:55:45.566000-05:00
5,29,52d497af695140c759b28d7bf63e94f4,43.64852,-79.380576,King St W / Bay St (West Side),2023-11-17 15:55:45.580000-05:00
9,4,ee2e9277d3e8a86acbfdda0e395d1378,43.656026,-79.385327,Elizabeth St / Edward St (Bus Terminal),2023-11-17 15:55:45.580000-05:00
4,15,90d36d6e81fff926a434e196e0a43d53,43.645323,-79.395003,King St W / Spadina Ave,2023-11-17 15:55:45.581000-05:00
13,0,14d5d7e0f5a8e23c9b50f62ea39f725c,43.677778,-79.405556,Glen Edyth Dr / Davenport Rd,2023-11-17 15:55:45.591000-05:00
6,22,3bfbe7d9edced07da6dd283495fb8170,43.641646,-79.375308,Queens Quay / Yonge St,2023-11-17 15:55:45.591000-05:00
0,11,58c0d439a59414e5e23bf5021e264d79,43.646162,-79.378912,Front St W / Bay St (North Side),2023-11-17 15:55:45.592000-05:00
13,0,f36d8ed5ff407fc4eab6c9cc344661f9,43.687323,-79.304848,Danforth Ave / Westlake Ave,2023-11-17 15:55:45.593000-05:00
20,2,15fc89637ebe1c3e63fbe123d70819ee,43.668991,-79.379385,Jarvis St / Isabella St,2023-11-17 15:55:45.595000-05:00
13,1,ef0363fb67db85c62cfe83b7032ade5b,43.6622222,-79.3825,Yonge St / Wood St,2023-11-17 15:55:45.597000-05:00
8,9,9fcbcd2e313ddf16bc7200bede80e9a6,43.64333333333333,-79.40555555555557,King St W / Tecumseth St,2023-11-17 15:55:45.598000-05:00
1,22,f5506a406fb49a19088bedd1d8e9cd2f,43.6575,-79.39527777777778,Beverley St / College St,2023-11-17 15:55:45.598000-05:00
2,18,fc62f74abe3d79fa430f55f6f56e5e3a,43.657424,-79.381019,Gould St / Yonge St (TMU),2023-11-17 15:55:45.599000-05:00
0,18,4b13a471170e0768fe5e1ca0b30fde8d,43.64595,-79.378761,Front St W / Bay St (South Side),2023-11-17 15:55:45.600000-05:00
17,2,5e8bf46c90fa957882beddfb6625870b,43.668427,-79.38725,Charles St W / Balmuto St - SMART,2023-11-17 15:55:45.601000-05:00
20,0,3ba9b248dbb5b0ffa30ec9807f14476c,43.669604,-79.381171,Charles St E / Jarvis St - SMART,2023-11-17 15:55:45.601000-05:00
8,8,0690f86b4ecb172570d8e08b5f9004c3,43.661673,-79.337789,Queen St E / Pape Ave - SMART,2023-11-17 15:55:45.602000-05:00
8,7,9796c16b7ac90260d9f033ba4735acea,43.665656,-79.352055,Gerrard St E / Broadview Ave  - SMART,2023-11-17 15:55:45.603000-05:00
17,3,abbcc3b45ad10472c3ec35ce3fb6e078,43.6308933,-79.4722622,Humber Bay Shores Park East,2023-11-17 15:55:45.605000-05:00
3,26,ec48a65298b460584afe2586c15c360c,43.6224434,-79.480284,Humber Bay Shores Park West,2023-11-17 15:55:45.606000-05:00
9,4,21982c325ac8d5dcc146b350aa0e8298,43.66986,-79.398443,Taddle Creek Park,2023-11-17 15:55:45.607000-05:00
6,4,82748c8c8a714dd216bcd4c636585556,43.659471,-79.350325,Thompson St / Broadview Ave - SMART,2023-11-17 15:55:45.619000-05:00
18,0,16658c808dda522274b99346e8f815fb,43.650492,-79.450842,Roncesvalles Ave / Marmaduke St,2023-11-17 15:55:45.620000-05:00
1,15,4d985c0489e4b123e499fcaa4b70e32e,43.640255,-79.439223,Queen St W  /  Fuller Ave - SMART,2023-11-17 15:55:45.622000-05:00
9,5,2567d3e27e558c6e6ee94c289c838111,43.637922,-79.431734,King St W / Cowan Ave - SMART,2023-11-17 15:55:45.622000-05:00
8,9,760056e88951946d2f3e9bea859333eb,43.643769,-79.447915,Garden Ave / Roncesvalles Ave,2023-11-17 15:55:45.623000-05:00
14,1,c08362564d4889e345bfaaa42da5fb4f,43.649172,-79.4445087,Sorauren Ave / Geoffrey St - SMART,2023-11-17 15:55:45.629000-05:00
20,0,c1375239981cfc9b3934e691cb9013bb,43.663912,-79.416124,Bloor St W / Manning Ave - SMART,2023-11-17 15:55:45.630000-05:00
6,10,29f79e7d7e4440c7554a3f3e3bae4f88,43.66587,-79.33443,Mallon Ave / Jones Ave -SMART,2023-11-17 15:55:44.344000-05:00
19,0,8d65a48806e799a8c2d5dcb77e97c1cb,43.658816,-79.367318,Berkeley St / Dundas St E - SMART,2023-11-17 15:55:45.471000-05:00
16,2,53fc6d540a0eac8fb9f5366572e53515,43.654004,-79.444792,128 Sterling Rd - SMART,2023-11-17 15:55:44.748000-05:00
0,18,049156f7c0e19a53a77d8310d93eed0c,43.6397,-79.44865,Sunnyside Ave / The Queensway - SMART,2023-11-17 15:55:44.747000-05:00
0,12,adaa360374ea04ae057eba2ca7ba3e5b,43.653809,-79.3595,Sackville St / Eastern Ave - SMART,2023-11-17 15:55:44.746000-05:00
10,1,8485289697ef258129b2437308511fcb,43.673768,-79.391253,Davenport Rd / McAlpine St - SMART,2023-11-17 15:55:44.749000-05:00
2,17,fb0ff514e9bb7798f0a682f36f644b05,43.656638,-79.358749,Sumach St  / Queen St E,2023-11-17 15:55:45.299000-05:00
9,1,4898d236bceda7c4cb9430c896669537,43.716652,-79.399993,Blythwood Rd / Yonge St - SMART,2023-11-17 15:55:45.287000-05:00
19,0,c835abf1540e63c50d5a879e5075387e,43.684261,-79.299332,Gerrard St E / Main St,2023-11-17 15:55:45.289000-05:00
11,0,32b476b39dacc23dda545c39ffb549cc,43.678685,-79.297974,Southwood Dr / Kingston Rd - SMART,2023-11-17 15:55:45.291000-05:00
12,1,de5dcf1ee9ccff065e01b4516b46f190,43.65143,-79.47779,Neil McLellan Park,2023-11-17 15:55:45.290000-05:00
13,2,8aa5c061e4ae37e2e05b05d04afadc2e,43.64976,-79.48477,Jane St / Bloor St W (Jane Subway Station),2023-11-17 15:55:45.330000-05:00
20,0,5f6ec96dda864a01fdf0c031b6a1b6d0,43.664182,-79.449066,Antler St / Campbell Ave - SMART,2023-11-17 15:55:45.445000-05:00
0,23,4a5734eee8c1c49197ffe9b992dd032a,43.64407,-79.3929,Clarence Square,2023-11-17 15:55:45.430000-05:00
5,10,ad299c229e85bba5b84af14933cfac77,43.61868,-79.48674,Lake Shore Blvd W / Louisa St,2023-11-17 15:55:45.393000-05:00
2,17,41466727730d71a0286376ef3675d282,43.6442,-79.38702,Front St W / Simcoe St,2023-11-17 15:55:45.655000-05:00
0,13,213541646a587196b1acb812a3d0a8ad,43.64283,-79.38409,Lower Simcoe St / Bremner Blvd,2023-11-17 15:55:45.668000-05:00
17,1,1a68bd75d5159c7cc33367b97ee8ab8e,43.65182,-79.47421,Glendonwynne Rd / Bloor St W,2023-11-17 15:55:45.669000-05:00
17,0,1dd10befe3fa0d7d7ebc657b9a01942b,43.685569,-79.408019,Russell Hill Rd / St Clair Ave W,2023-11-17 15:55:45.670000-05:00
0,16,41ead9c9a4a83459161794bfb1894c07,43.651678,-79.375233,Church St / Lombard St,2023-11-17 15:55:44.519000-05:00
5,10,888212c5d33ceed5acbab77b4e544689,43.651838,-79.378743,Richmond St E / Yonge St,2023-11-17 15:55:45.666000-05:00
10,13,189995604737e19f1b76cd3a3ff3aff9,43.665221,-79.394009,Queen's Park Cres W / Hoskin Ave,2023-11-17 15:55:44.484000-05:00
6,7,fe268f3f2f439d0016dc46605491078e,43.688148,-79.362101,Pottery Rd / Lower Don River Trail,2023-11-17 15:55:44.488000-05:00
17,5,70ad303e74f93aa2bfaea256b9b09753,43.669232,-79.374495,Bleecker St / St James Ave,2023-11-17 15:55:44.494000-05:00
8,23,a7cdbedefded6e117505bde22c24ef84,43.640075,-79.414156,Western Battery Rd / Pirandello St,2023-11-17 15:55:44.497000-05:00
13,0,fbcb8f44813b5f7eba282691176d9249,43.678285,-79.347346,Carlaw Ave / Danforth Ave,2023-11-17 15:55:44.496000-05:00
14,1,280ce4cfc4b101f3a8a08843e4a258d6,43.697139,-79.31469,Cosburn Ave / Cedarvale Ave,2023-11-17 15:55:45.047000-05:00
15,3,9d4f1f5d63ed3e297fc737908616f617,43.694826,-79.295208,Goodwood Park Crt / Dentonia Park,2023-11-17 15:55:45.047000-05:00
15,1,0729b25bcf663b7a2278f01d63b50fcf,43.673118,-79.318651,Eastwood Rd / Coxwell Ave,2023-11-17 15:55:45.023000-05:00
21,1,27e30ff4939a3992db39e99af9dfe172,43.689293,-79.295895,Trent Ave / Danforth Ave,2023-11-17 15:55:45.045000-05:00
5,13,675628c054189e3bce23785d6574a24d,43.66908,-79.3149,Orchard Park,2023-11-17 15:55:45.046000-05:00
11,9,32915794131e41a355ebee1ab9ad78fb,43.66073,-79.47149,Clendenan Ave / Rowland St - SMART,2023-11-17 15:55:45.025000-05:00
14,1,738cf12a45b36f443d7585aa9d55e3a9,43.66189,-79.42679,Concord Ave / Bloor St W,2023-11-17 15:55:45.174000-05:00
15,2,1f5bb4fff3139fff3f927f1a4980dc1e,43.65389,-79.4675,Gothic Ave / Quebec Ave,2023-11-17 15:55:45.187000-05:00
16,2,80b72e233168f3583180edfe5ec6fd01,43.676697,-79.445029,Via Italia / Mackay Ave,2023-11-17 15:55:45.172000-05:00
9,0,3df6faa6bc73f93a672aa3e3004434f0,43.68114,-79.4277,Rushton Rd / St Clair Ave W,2023-11-17 15:55:45.174000-05:00
16,0,8ab6f991fa3032ee2a20b1d34d50be01,43.663148,-79.347938,Dundas St E / Boulton Ave - SMART,2023-11-17 15:55:45.179000-05:00
11,10,236729e04a979069b035a3070e608f6e,43.669813,-79.3335,Gerrard St E / Leslie St,2023-11-17 15:55:45.177000-05:00
12,12,2800c972b83e435cecefcdb95078e435,43.633537,-79.437461,Marilyn Bell Park Tennis Court,2023-11-17 15:55:45.176000-05:00
2,20,2c32c6a2dbfb666ee51150ce15e1b9a5,43.63632,-79.47307,The Queensway at South Kingsway,2023-11-17 15:55:45.568000-05:00
23,0,9fa8f250a5b887af9cda8df6931f2eca,43.697819,-79.38786,Merton St / Mount Pleasant Rd,2023-11-17 15:55:45.569000-05:00
5,11,c9395d274aa197587eb89f34e68e262a,43.638426,-79.429142,Tyndall Ave / King St W - SMART,2023-11-17 15:55:45.570000-05:00
19,5,a3eb9012fe995bffeef3b7d02cfffbd1,43.65988,-79.38279,College Park - Yonge St Entrance,2023-11-17 15:55:44.301000-05:00
14,4,7c6f64117f740f5dc9114ebfb26a6247,43.66842,-79.410585,Barton Ave / Howland Ave - SMART,2023-11-17 15:55:45.570000-05:00
14,1,d1bac3c8125c67909fa2e4a3cdf6b409,43.66402,-79.46418,Keele St / Annette St,2023-11-17 15:55:44.291000-05:00
18,4,e7384509a60160b8e84403a3247255a5,43.66686,-79.46526,Keele St / Vine Ave,2023-11-17 15:55:44.292000-05:00
14,3,56ff366ef56862dc34e4df414568d4b0,43.671278,-79.372127,Howard St / Rose Ave,2023-11-17 15:55:44.281000-05:00
4,19,940aa4a33247df5ea989d1b07e125e5d,43.635023,-79.399505,Little Norway Park,2023-11-17 15:55:44.285000-05:00
11,7,26edc0f88e4e012ab0d9930c725d5fba,43.66834,-79.38235,Isabella St / Church St,2023-11-17 15:55:44.807000-05:00
9,13,21cff63a550f456e30a23efb4d8c3caf,43.65263,-79.38766,University Ave / Armoury St,2023-11-17 15:55:44.808000-05:00
17,1,ef9dfe14fccf2237630ed9002c48fc3b,43.70547,-79.40355,Lascelles Blvd / Eglinton Ave W,2023-11-17 15:55:44.828000-05:00
10,13,93727b82ed700768aa9695d49140f6b3,43.641675,-79.354006,Polson Pier,2023-11-17 15:55:44.827000-05:00
20,1,f84773b4dcedcaea20de2c7e324d8c90,43.694341,-79.291416,Dentonia Park,2023-11-17 15:55:45.010000-05:00
5,13,3d13e32b7336dbe2c6b2190df3ba8600,43.64422,-79.36927,Lower Jarvis St / Queens Quay E,2023-11-17 15:55:45.018000-05:00
10,0,009f180cf35ae1285733d98ccf058313,43.685924,-79.376304,Summerhill Ave / Maclennan Ave,2023-11-17 15:55:45.300000-05:00
2,24,c452eea1e95d474e6f1b7ea545e79d1b,43.645215,-79.364898,Queens Quay E / Lower Sherbourne St,2023-11-17 15:55:44.276000-05:00
15,2,1fe6812cc638f0e5080113daa9a7d77a,43.646677,-79.442741,Wright Ave / Sorauren Ave - SMART,2023-11-17 15:55:45.624000-05:00
2,16,b4462a2daef20c76a3ff7c53326f10e4,43.63855,-79.46693,Ellis Ave / The Queensway,2023-11-17 15:55:45.329000-05:00
4,6,1e83030210b6666f3fe29bade92f1181,43.645599,-79.4657123,High Park - Grenadier Cafe,2023-11-17 15:55:45.594000-05:00
8,3,c102428e69ec84dd803fd2f51b8cfc83,43.674923,-79.430465,Winona Dr / Davenport Rd,2023-11-17 15:55:44.012000-05:00
3,8,68185cf4a510f34c7dd396bb2fb7549a,43.684758,-79.316767,Danforth Ave / Aldridge Ave,2023-11-17 15:55:45.595000-05:00
26,13,deb6cce4318ac072f72c4988efd9dbdf,43.66663,-79.38148,Dundonald St / Church St,2023-11-17 15:55:45.210000-05:00
16,2,7f15a95a0104437a73d574be76cb4158,43.685221,-79.294766,Gerrard St E / Malvern Ave - SMART,2023-11-17 15:55:45.469000-05:00
1,31,263344f0b04caa421826eceaadd15697,43.635492,-79.398253,Bathurst St/Queens Quay(Billy Bishop Airport),2023-11-17 15:55:45.324000-05:00
6,13,624be8411d63932754479f0b710eaa97,43.63951,-79.383717,Queens Quay W / Lower Simcoe St,2023-11-17 15:55:44.453000-05:00
2,20,082fdb9cce172f916dde26cc3a543b69,43.641529,-79.386741,Bremner Blvd / Rees St,2023-11-17 15:55:45.576000-05:00
10,13,26c9984a5ec1ea1e7edb7fafa8d1e6f7,43.6417852,-79.4131148,King St W / Crawford St,2023-11-17 15:55:44.280000-05:00
8,23,d52672d5cddbb77befa3d5d448fc2534,43.655766,-79.3802,Yonge St / Dundas Sq,2023-11-17 15:55:45.014000-05:00
10,1,735f71a11ab473f25860d7366582a5fa,43.680466,-79.432522,St Clair Ave W / Winona Dr,2023-11-17 15:55:45.242000-05:00
24,26,6f5d2f1ea5a0702ceb169480117ac9fd,43.664088,-79.387095,Bay St / Wellesley St W,2023-11-17 15:55:44.662000-05:00
10,10,9c5267129912b44d3d8c91094256f1e2,43.65917,-79.46997,Humberside Grounds - SMART,2023-11-17 15:55:45.468000-05:00
14,1,22cedcbf1b4580a7995f4e15843bd2ef,43.671535,-79.379173,Bloor St E / Huntley St - SMART,2023-11-17 15:55:44.267000-05:00
1,21,ed02403ba3e67b969a9d5e10742b7d5b,43.646734,-79.38301,Wellington St W / York St,2023-11-17 15:55:45.654000-05:00
14,0,aeeb1fa2ea65f1492a523f0477de71d7,43.6662942,-79.4066433,Dalton Rd / Bloor St W,2023-11-17 15:55:44.959000-05:00
24,2,a249bee44425dc2b5c2f384a00a59f33,43.675278,-79.423889,Davenport Rd / Christie St,2023-11-17 15:55:44.663000-05:00
2,7,24de23035684fccb1f588c7161489075,43.648928,-79.378623,King St W / Jordan St,2023-11-17 15:55:44.290000-05:00
18,8,aa101867125c9cc13920e34d881f86b2,43.715951,-79.351246,E.T. Seton Park (Eglinton Ave E / Leslie St),2023-11-17 15:55:44.493000-05:00
2,24,6cdafdc1db0f73b22c3fd462fd984805,43.665645,-79.304711,Woodbine Ave / Lake Shore Blvd E,2023-11-17 15:55:45.576000-05:00
12,11,1d827726987d707bbcd5562e02416b0e,43.645572,-79.39399,King St W / Charlotte St,2023-11-17 15:55:44.831000-05:00
11,6,08d867cbed5f08addb01b714700eacf7,43.652777,-79.372637,Jarvis St / Richmond St E,2023-11-17 15:55:45.436000-05:00
13,1,2d9b09d13ca6695d876ff08853469a24,43.665538,-79.451263,Symington Ave / Dupont St,2023-11-17 15:55:45.439000-05:00
5,19,c9624aaf955b7fb236dcf2c8443c8fe9,43.650325,-79.372287,King St E / Jarvis St,2023-11-17 15:55:44.315000-05:00
5,10,2d1d89a437dbc32634ba928744831860,43.66943,-79.38915,Bay St / Bloor St W (East Side),2023-11-17 15:55:45.215000-05:00
18,0,179e575503c062aa31a47c6f67d492da,43.669244,-79.3894,Bay St / Bloor St W (West Side),2023-11-17 15:55:45.446000-05:00
15,0,ffc954e6f4228f59169c040483ebcc3a,43.683351,-79.41562,Wells Hill Ave / St Clair Ave W,2023-11-17 15:55:45.164000-05:00
21,4,41b880ed1fe29761e25d4e3a492b563d,43.6574766,-79.373446,Dundas St E / George St,2023-11-17 15:55:45.022000-05:00
15,8,c209afb99ac56fcd8f423e9365621ee7,43.636611,-79.400042,Fleet St / Bathurst St,2023-11-17 15:55:44.408000-05:00
7,1,7f5ae543870ee8917aaa5022234c5e0b,43.646552,-79.406468,Tecumseth St / Queen St W - SMART,2023-11-17 15:55:45.118000-05:00
14,0,d00c14c6cffc4b0fb30239ec2410232c,43.713524,-79.400162,Briar Hill Ave / Yonge St - SMART,2023-11-17 15:55:45.287000-05:00
2,12,9c2e322a9d2bd1035e3f607f96152a98,43.65003919999999,-79.3733541,King St E / Church St,2023-11-17 15:55:44.391000-05:00
8,26,0f4f8c9f5e6417a981fe793e43984158,43.653264,-79.382458,Bay St / Albert St,2023-11-17 15:55:45.203000-05:00
3,14,03cb067499bb9bc86cf0c884edb403bc,43.663376,-79.392125,Wellesley St W / Queen's Park Cres,2023-11-17 15:55:44.316000-05:00
12,6,1630e350724cc062ba0e77e103728eac,43.660439,-79.385525,Bay St / College St (East Side),2023-11-17 15:55:44.343000-05:00
1,10,76ff77a0c8d2de7ff02ab1ce2b719e22,43.659226,-79.390213,University Ave / College St (West),2023-11-17 15:55:44.959000-05:00
8,6,2f10b834460965288d419163586f3f89,43.65995,-79.38964,University Ave / College St (East),2023-11-17 15:55:45.468000-05:00
8,4,d54842ca6cc3a96c8ebbd4101c620e66,43.660087,-79.385655,Bay St / College St (West Side) - SMART,2023-11-17 15:55:45.621000-05:00
3,13,1ac23b3d20ad003acf2f9b1f8a2f2f0b,43.6146692,-79.4873148,Superior Ave / Lake Shore Blvd W,2023-11-17 15:55:44.084000-05:00
8,22,b24ec0083f9a6261ba6212d69cd28f2c,43.626265,-79.476723,Humber Bay Shores Park / Marine Parade Dr,2023-11-17 15:55:44.092000-05:00
5,18,50d8ed93a01d05c04298300fe52b5ac7,43.63771,-79.458173,Lake Shore Blvd W / Colborne Lodge Dr,2023-11-17 15:55:44.098000-05:00
1,21,f897c08ea341fc832b7ca756cb0982ae,43.6390437,-79.4760109,Ripley Ave / Ormskirk Ave,2023-11-17 15:55:44.078000-05:00
10,4,0ebd7e4e7c35126cda830c1c67bb3241,43.6486599,-79.4376413,St Clarens Ave / Shirley St,2023-11-17 15:55:44.650000-05:00
22,0,b8cb26c3827d563e60826e8d8ddb8865,43.6423847,-79.4240277,Lisgar Park,2023-11-17 15:55:44.660000-05:00
22,0,f926e2b4fe4ff841a24b2ac4962e62bd,43.6702236,-79.4360232,Bartlett Parkette,2023-11-17 15:55:44.658000-05:00
21,0,791f66f190e1848c7eeeaf8b937e304f,43.6752732,-79.3778458,Sherbourne St N / Elm Ave,2023-11-17 15:55:45.190000-05:00
0,15,068f5330e49bd7236864c7cbf904813f,43.645469,-79.411084,Walnut Ave / Queen St W,2023-11-17 15:55:45.180000-05:00
18,0,36c244827ed3bd3ee314ab1d2781db2a,43.6882821,-79.4253856,Vaughan Rd /Wychwood Ave,2023-11-17 15:55:45.021000-05:00
22,1,91b75f5884eca61cded2a3da80a6dc2b,43.651603,-79.408346,Palmerston Ave / Dundas St W,2023-11-17 15:55:45.186000-05:00
17,2,e6151e077a7d8141f6ae96e6223d12e9,43.670206,-79.402643,541 Huron St - SMART,2023-11-17 15:55:45.272000-05:00
15,0,03b565f085260e768988cd216fbeeef4,43.661559,-79.413845,Euclid Ave / Herrick St - SMART,2023-11-17 15:55:45.184000-05:00
8,7,34a94fc072487f4615b041d2b7a6c659,43.6560758,-79.393259,Baldwin St / Henry St,2023-11-17 15:55:45.574000-05:00
6,7,2b2e280f715656fb630b59ec9a6d1e0c,43.6580442,-79.3927404,Orde St / McCaul St,2023-11-17 15:55:44.731000-05:00
15,2,026bf7c2104a659ef0392f1c22bc6e17,43.6568254,-79.3966159,Ross St / Cecil St - SMART,2023-11-17 15:55:44.442000-05:00
1,17,b7461d8effda846e2f78dfbee059c433,43.5927419,-79.54033009999999,Lake Shore Blvd W / Thirty Ninth Street,2023-11-17 15:55:44.296000-05:00
15,3,f1bad47f1bca16159267c0ad3e50fb1a,43.597082,-79.522768,Lake Shore Blvd W / Twenty Fourth St,2023-11-17 15:55:44.293000-05:00
24,6,4d9f7ef78ba9859e04d259c1567d1d61,43.6171635,-79.4971065,Windsor St / Newcastle St,2023-11-17 15:55:44.303000-05:00
10,10,1d5a56319adf364532940f86be71ce4b,43.612063,-79.496573,Royal York Rd / Mimico Ave,2023-11-17 15:55:44.304000-05:00
9,10,0deaf45500eb93eeacff86adaafeb180,43.63732,-79.489083,Berry Rd / Bell Manor Dr,2023-11-17 15:55:45.583000-05:00
15,12,4e5712234feb60f46fff461ab136e147,43.5961692,-79.5160575,Humber College,2023-11-17 15:55:44.304000-05:00
2,24,8b49ce875b451df6dbe4fb4667acb3bd,43.613606,-79.4883535,Amos Waites Park,2023-11-17 15:55:44.091000-05:00
20,3,d9d0c97c8f65e3fb4ebcd464a11f5522,43.664665,-79.489385,Priscilla Ave / Dundas St W,2023-11-17 15:55:44.770000-05:00
11,12,27b5be1cbbce21764b224e820c7f888c,43.665523,-79.484892,Durie St / Dundas St W,2023-11-17 15:55:44.767000-05:00
5,14,600672c7f313e01de8bab00cbee9e7f4,43.668496,-79.485426,St Clair Ave W / Castleton Ave,2023-11-17 15:55:44.771000-05:00
15,11,50dc0fcbc5a62a2cc676ada21ede905c,43.698841,-79.519472,Weston Lions Park,2023-11-17 15:55:44.766000-05:00
13,1,6d6c301acbd12264042475dfd0e0e1e3,43.658574,-79.487246,Annette St / Jane St,2023-11-17 15:55:44.777000-05:00
6,19,1e5bc0c0a2797265956ee948d6dcd49d,43.63985,-79.43703,Jameson Ave / Queen St W,2023-11-17 15:55:45.101000-05:00
4,6,e933ad7ff4aae2c390d9f79c1043d657,43.665076,-79.341509,Carlaw Ave / Dundas St E,2023-11-17 15:55:45.308000-05:00
35,11,c1704a7eebf0bff8016166d14fe130bd,43.6323994,-79.40978179999999,Toronto Inukshuk Park,2023-11-17 15:55:45.113000-05:00
11,2,5bed66406f7431f8d4d8542d107225ea,43.6935477,-79.3301658,Cosburn Ave / Durant Ave,2023-11-17 15:55:44.414000-05:00
10,5,124ed44b13876f8019e356d76ba645ee,43.6438036,-79.4770327,Swansea Community Centre,2023-11-17 15:55:45.582000-05:00
17,3,12481528bb8d296c8bc4014306f36afd,43.65246,-79.413528,Bellwoods Ave / Treford Pl - SMART,2023-11-17 15:55:45.572000-05:00
12,3,5282337e262f025cee74afaf2659b223,43.6548521,-79.35397680000001,Bayview Ave / Lawren Harris Square,2023-11-17 15:55:45.318000-05:00
11,11,125e730a6da5714af8567ae352485337,43.630874,-79.482407,The Queensway / High St,2023-11-17 15:55:44.302000-05:00
12,1,0b153cb4fe7873b109e3068cf99dbf74,43.6704403,-79.45328549999999,Symington Ave / Davenport Rd,2023-11-17 15:55:44.662000-05:00
7,13,fb3867774f8ac943a838fb13a41bd1b6,43.6535,-79.354068,Front St E / Bayview Avenue,2023-11-17 15:55:45.324000-05:00
11,16,8c4531a1d91e5583aff9759a5aedb46d,43.6617908,-79.361515,Oak St / Sumach St,2023-11-17 15:55:45.323000-05:00
2,14,52028e6990a88dcf0aacffe1fbd5bf92,43.649709,-79.364184,The Esplanade / Hahn Pl,2023-11-17 15:55:45.590000-05:00
28,15,4bb6659976fc4aaf5a141c488a405a00,43.666051,-79.374161,439 Sherbourne St,2023-11-17 15:55:45.567000-05:00
12,7,f04359bb2878aa6d672474276e5017e4,43.7005976,-79.397345,Glebe Rd W / Yonge St,2023-11-17 15:55:44.260000-05:00
10,4,9447917367c25ac832d404c1a4696615,43.7029672,-79.3979073,Hillsdale Ave W / Yonge St,2023-11-17 15:55:45.645000-05:00
16,0,0b85c7861c4c48a4cd4fe140c913da57,43.68871,-79.39264,Alvin Ave / St Clair Ave E,2023-11-17 15:55:45.571000-05:00
15,7,f0ef11b3bf1f1a2ab5d7a556fde038f6,43.6834703,-79.5108942,Eglinton Ave W / Scarlett Rd,2023-11-17 15:55:45.648000-05:00
18,9,e228eced48bdb1f81b6b38456fdcad39,43.7696262,-79.5025943,The Pond Rd / Sentinel Rd,2023-11-17 15:55:45.638000-05:00
22,5,71bf1ff10731929ec44b9dcce72edba6,43.7641485,-79.5012809,Sentinel Rd / Finch Corridor Trail,2023-11-17 15:55:45.638000-05:00
17,6,6a4d3e7625cc41d49674986b994fc5e1,43.76521,-79.491281,Finch West Subway Station,2023-11-17 15:55:45.639000-05:00
12,6,bf413030081fe6f86c21b6412f4e4e1a,43.7724019,-79.4675395,Dufferin St / Finch Corridor Trail,2023-11-17 15:55:45.640000-05:00
13,6,cfcbfa258711beff217aa9d929a3a3ea,43.7781116,-79.467963,G Ross Lord Park,2023-11-17 15:55:45.636000-05:00
21,0,7a86196b811f1b13212052f5cd37e692,43.707049,-79.40966,Elwood Blvd / Avenue Rd,2023-11-17 15:55:45.228000-05:00
15,12,2c429e9e841e213f875d2116cfab30e9,43.711751,-79.378615,Roehampton Ave / Bayview Ave,2023-11-17 15:55:44.508000-05:00
7,7,482006b8f83e7802372448cd4dbd463d,43.732975,-79.40401,Teddington Park Ave,2023-11-17 15:55:45.217000-05:00
5,14,b3ac9ac4dba9aff36e24ba60b6171308,43.660274,-79.398049,Ursula Franklin St / Huron St - SMART,2023-11-17 15:55:45.537000-05:00
18,1,7978548b201c5c5ab2421bc2906bc446,43.699281,-79.318802,Woodbine Ave / O'Connor Dr,2023-11-17 15:55:45.536000-05:00
2,17,65aefd1c1484ebd15a7827285971734e,43.696631,-79.297436,Dawes Rd / Taylor Creek Trl,2023-11-17 15:55:45.533000-05:00
8,10,812af6af42e905fac0cafcf05146f3ba,43.6765897,-79.3163022,Fairmount Park,2023-11-17 15:55:45.532000-05:00
3,13,165388972f43146138b4f5180eead75a,43.650745,-79.383633,Richmond St W / York St,2023-11-17 15:55:45.216000-05:00
25,2,3b0ffacf6f626924fb61b0d6d578561a,43.720233,-79.362092,Sunnybrook Park,2023-11-17 15:55:45.531000-05:00
18,0,3dccd3e0582902632ace3ada9481abb0,43.6926825,-79.441042,Vaughan Rd / Oakwood Ave,2023-11-17 15:55:44.979000-05:00
14,0,cca065ea85fe108c99c68759adf859ee,43.7041957,-79.4094472,Braemar Ave / Eglinton Ave W,2023-11-17 15:55:44.980000-05:00
12,1,78a43fc13829a61f8db0c57c96572266,43.7078691,-79.39248,Eglinton Ave E / Redpath Ave,2023-11-17 15:55:44.691000-05:00
6,15,e4d76b13daa3859403326b474684159d,43.5880774,-79.5432067,Marie Curtis Park,2023-11-17 15:55:44.693000-05:00
1,10,4a491c94c9b46d3b7927b72a3bad0ab6,43.754978,-79.1971289,Guildwood GO Station (South),2023-11-17 15:55:44.689000-05:00
19,1,0c49d15e80cceca5feb5a2bc84ddc2f5,43.6856,-79.3718,Chorley Park - SMART,2023-11-17 15:55:45.559000-05:00
31,16,937a6d6b325ab59d5e0047f4b8eeb0ac,43.637764,-79.345359,Cherry Beach,2023-11-17 15:55:44.244000-05:00
28,7,30c56fdec4d36ab0124297d6f0101490,43.6629228,-79.4018451,Spadina Ave / Harbord St - SMART,2023-11-17 15:55:45.604000-05:00
1,13,4a1203492305451d3154777c392532f3,43.660296,-79.397107,Ursula Franklin St / St. George St - SMART,2023-11-17 15:55:44.581000-05:00
14,11,07c0bbd2b5c108bacb3a32250af2a076,43.7805505,-79.1301203,Rouge Hill GO Station,2023-11-17 15:55:44.690000-05:00
9,10,a70fe5dd2fa91d6c13d66b5415e9740e,43.7777114,-79.1659711,Colonel Danforth Park,2023-11-17 15:55:44.983000-05:00
16,7,254006acb0d0299f535d3723f656ae67,43.779353,-79.193023,Morningside Park (Highland Creek Trail),2023-11-17 15:55:44.982000-05:00
8,11,93699b431ac46c9e98b3b1c74cda8e95,43.747854,-79.199327,Livingston Rd / Guildwood Pkwy,2023-11-17 15:55:44.991000-05:00
12,7,a3860ef7a1996bfe83863f7086adb77b,43.7561681,-79.2026694,Livingston Rd (Highland Creek Trail),2023-11-17 15:55:44.991000-05:00
14,7,8bd81a9fcb43f04a9b8f80996312e61e,43.6002896,-79.5108692,Twelfth St / Thirteenth St,2023-11-17 15:55:44.166000-05:00
1,14,ae8f902126cc9ad8f145c66ac996501b,43.6615467,-79.498398,Florence Gell Park,2023-11-17 15:55:44.167000-05:00
17,0,c5db2e6382e20bec3e404aaf7ea89ccb,43.6632257,-79.4397052,Wallace Ave / Pauline Ave,2023-11-17 15:55:44.625000-05:00
14,0,d747893c66003f215b8502161eb40f5e,43.680095,-79.291714,Kingston Rd / Beech Ave,2023-11-17 15:55:44.989000-05:00
11,7,0153756b9e136b96e730aaa2f048227f,43.691468,-79.288619,Victoria Park Ave / Danforth Ave,2023-11-17 15:55:44.990000-05:00
11,32,ded51d399ed59c94c0a464202fc09fe0,43.645609,-79.380386,Union Station,2023-11-17 15:55:44.665000-05:00
22,1,b5012608da25a66be2fe79465186ff62,43.6591666666667,-79.3855555555556,Hayter St / La Plante Ave,2023-11-17 15:55:45.596000-05:00
25,7,033dd75f330fec10400341177c68036e,43.658777,-79.369596,Seaton St / Dundas St E - SMART,2023-11-17 15:55:44.892000-05:00
3,11,080c6cc1f827d976fd75f9ccf53db95c,43.6625395,-79.5030161,Lundy Ave / Étienne Brûlé Park,2023-11-17 15:55:44.697000-05:00
15,1,5f02574f10f8ec2871df512546cf6f65,43.7004017,-79.4275305,Chiltern Hill Rd / Eglinton Ave W,2023-11-17 15:55:44.155000-05:00
7,7,3e8872d5357f08ebd702863ab04e913e,43.77953,-79.45233,Torresdale Ave / Antibes Dr,2023-11-17 15:55:45.637000-05:00
18,5,126121fbcccd20a50c8bd94206c7d81b,43.7774374,-79.4447096,Esther Shiner Stadium,2023-11-17 15:55:45.241000-05:00
0,14,a2e02c044b1d003adb0993f8da78ee58,43.6637403,-79.39806449999999,St. George St / Hoskin Ave,2023-11-17 15:55:45.003000-05:00
11,2,70222e00b684e247dd3f982cfb268e2e,43.707045,-79.375437,Fleming Cres / Bayview Ave,2023-11-17 15:55:44.507000-05:00
1,17,af8ef901117705bf69e591e81d28a15f,43.6495789,-79.3762096,King St E / Victoria St,2023-11-17 15:55:45.452000-05:00
16,0,9ee0fa9e2c3afc338a74a6b49af02e41,43.690903,-79.4375028,Alameda Ave / Vaughan Rd - SMART,2023-11-17 15:55:45.647000-05:00
9,0,bcf5ea04f184984e5cbd8571527636ff,43.643253094827294,-79.41230469904167,Adelaide St W / Strachan Ave,2023-11-17 15:55:45.424000-05:00
7,10,9c10c5f861261da626f9707ada4e8e04,43.6029904,-79.4926867,Royal York Rd / Lake Shore Blvd W,2023-11-17 15:55:44.692000-05:00
13,2,48a626ef3a6cfbbccdaea283ce5901c6,43.6596299,-79.4799176,Runnymede Rd / Annette St,2023-11-17 15:55:44.183000-05:00
14,0,57f2fc67a917b973ca7f31a994e0c63a,43.6608333,-79.43166666666667,Salem Ave / Bloor St W,2023-11-17 15:55:45.262000-05:00
22,0,8ef3bc5ab6805d2c5411023f4318d778,43.66083333333333,-79.43583333333333,Dufferin St / Bloor St W,2023-11-17 15:55:45.261000-05:00
17,1,407c8fc47ef8f822af020375a4f7dc79,43.69933,-79.39199,Davisville Ave / Pailton Cres,2023-11-17 15:55:45.011000-05:00
12,1,3afcafcea065abef8dd2beafcb78c7bd,43.6653032,-79.4701178,High Park Ave / Dundas St W,2023-11-17 15:55:45.646000-05:00
10,9,e6588e3838b256ab32f9b7db54be5a66,43.6162721,-79.4990363,Judson St / Royal York Rd,2023-11-17 15:55:44.180000-05:00
18,9,b29cba584424066f83f374b2c3fe1780,43.720645,-79.355474,Wilket Creek Park,2023-11-17 15:55:45.532000-05:00
15,0,87722dd793400f7a61a96a59b9133e4f,43.6641174,-79.4588522,Annette St / Dundas St W,2023-11-17 15:55:45.585000-05:00
3,11,d6d49f7d4ddb2cd466938a1b424c1412,43.6424558,-79.4296346,Noble St / Queen St W,2023-11-17 15:55:44.164000-05:00
19,0,51987cd2ab0d05eeb2f79bcb596e348b,43.6954486,-79.4026176,Oriole Pkwy / Kilbarry Rd,2023-11-17 15:55:45.583000-05:00
14,1,b20ef84c05107095581cdd50b2bb4a2c,43.6850809,-79.3149901,East Lynn Ave / Danforth Ave,2023-11-17 15:55:45.589000-05:00
14,2,c4a01864ecb66e9b1ee3023d3205a281,43.6800218,-79.3405681,Langford Ave / Danforth Ave - SMART,2023-11-17 15:55:45.220000-05:00
13,3,3c7236f4a281b569b57f40c0bf29c4ca,43.7842419,-79.1849889,University of Toronto Scarborough,2023-11-17 15:55:45.588000-05:00
2,12,df0ee6e75eb32441818a11d990fa844a,43.6451308,-79.36536439999999,190 Queens Quay E,2023-11-17 15:55:45.282000-05:00
11,8,85057ad3c01264f6156b498b79127be3,43.6482995,-79.3552533,324 Cherry St,2023-11-17 15:55:44.737000-05:00
5,11,9703f67f16a349591949e76da3714b61,43.65637299999999,-79.38781039999999,Elm St/ University Ave (East Side),2023-11-17 15:55:45.586000-05:00
14,2,7dca1895f7959f80ebcfda3226669c97,43.657838,-79.38631,Walton St / Elizabeth St - SMART,2023-11-17 15:55:44.278000-05:00
14,3,b1685246ce6cfe5b9d621a1991c3cedb,43.778015,-79.131911,Waterfront Trail (Rouge Hill),2023-11-17 15:55:44.984000-05:00
14,8,c0538b0581a59e1e7321a382b5ab17ab,43.672079,-79.470171,St Clair Ave W / Gunns Rd,2023-11-17 15:55:44.769000-05:00
19,0,052763ac927bce9197aa6381f508576f,43.690237,-79.350119,Pape Ave / Gamble Ave,2023-11-17 15:55:44.256000-05:00
18,0,0faf9e7c7d5403b8f7dc7574fa6d0c6e,43.70942,-79.39139,Roehampton Ave / Mount Pleasant Rd,2023-11-17 15:55:44.821000-05:00
12,2,f3aa2a6bb24e5012b030c6810cf39964,43.671389,-79.382919,Church St / Bloor St E,2023-11-17 15:55:44.669000-05:00
23,0,6fcf6974fe1a08b20ab7f70d70da6cb0,43.671561,-79.38117,200 Bloor St E,2023-11-17 15:55:45.455000-05:00
14,1,fb2618cee3456166ccc52c3ceeae13c6,43.693256,-79.383238,Moore Park,2023-11-17 15:55:44.506000-05:00
2,4,e473bffc39f79fdd42e27583ccbe0709,43.65412449999999,-79.4636388,Bloor St W / Pacific Ave,2023-11-17 15:55:45.223000-05:00
10,4,3d71c9ff5bcbaad794a49115e11786e3,43.680207,-79.339243,Danforth Ave / Dewhurst Blvd,2023-11-17 15:55:45.539000-05:00
10,1,fea3f9dfbcc18225728f10913c5d3d5b,43.6589882,-79.438715,Bloor St W / Brock Ave,2023-11-17 15:55:45.234000-05:00
14,0,f3a880cb5277285662d2d68f5523488d,43.6741219,-79.4352208,Davenport Rd / Dovercourt Rd - SMART,2023-11-17 15:55:44.832000-05:00
1,14,844d02b2b7dfdabf7bd044c3edf050d5,43.6469928,-79.3706665,1 Market St - SMART,2023-11-17 15:55:45.235000-05:00
2,22,3d38244751d3c44617f0066466a3bc7d,43.683884,-79.36647,Brick Works,2023-11-17 15:55:45.536000-05:00
1,17,ff06d212a977a2d3ebb441f4b690b852,43.6578449,-79.3899265,University Ave / Gerrard St W (WEST) - SMART,2023-11-17 15:55:44.182000-05:00
1,20,2b4c28b78247a24037bcff2ad8fcc605,43.6477785,-79.3847928,University Ave / King St W - SMART,2023-11-17 15:55:45.604000-05:00
17,1,9d7e8386839f9d834777d1cf0a8482c1,43.6856128,-79.31168269999999,Amroth Ave / Danforth Ave,2023-11-17 15:55:45.546000-05:00
11,0,10722d0c5054c529a0d71f9eb2c89f92,43.681944,-79.390556,Summerhill Subway Station,2023-11-17 15:55:44.674000-05:00
9,17,aec7195bb028b992ab8536f51c7d37f8,43.64534,-79.409597,Niagara St / Richmond St W,2023-11-17 15:55:44.107000-05:00
2,16,b1c628d5509021c582f104bc3089e514,43.6393107,-79.4408141,Beaty Ave / Queen St W,2023-11-17 15:55:44.899000-05:00
22,0,f889b35bb8077eaa77f35bed4d524e89,43.68306889999999,-79.279682,Blantyre Park,2023-11-17 15:55:44.949000-05:00
3,11,7e8db6cca9980f9b6daf293197f25fc4,43.6626628,-79.3323698,Queen St E / Rushbrooke Ave,2023-11-17 15:55:44.622000-05:00
12,3,34ec939e3772ab6f8f9be4ae0c98f3a2,43.681114,-79.3373885,Donlands Subway Station,2023-11-17 15:55:45.563000-05:00
0,15,1cc9575bb686fa4a3eb7f4afbdea5073,43.638925,-79.4168659,Lynn Williams St / East Liberty St - SMART,2023-11-17 15:55:44.633000-05:00
4,10,cf43a77e34066db8b926a42b49814963,43.676216,-79.309395,Eastwood Rd / Woodbine Ave - SMART,2023-11-17 15:55:45.288000-05:00
14,25,48f8a355073b35f8720761c96f77d86b,43.656633,-79.379625,285 Victoria St,2023-11-17 15:55:45.608000-05:00
10,5,c147f315755b1b1e79467fab3aaf3cb4,43.686962,-79.286864,Gerrard St E / Victoria Park Ave - SMART,2023-11-17 15:55:45.465000-05:00
9,7,199a939521be6324c802d8d50ebeb4a8,43.718039,-79.371914,Kilgour Rd / Rumsey Rd,2023-11-17 15:55:44.896000-05:00
12,2,04cadbe0f9b27f89f5fa6f6dbdea0883,43.672152,-79.39018,Bay St / Scollard St,2023-11-17 15:55:44.143000-05:00
6,13,be90e51f9b29e31ae1d40a8dea028dcf,43.673019,-79.467994,Weston Rd / St Clair Ave W - SMART,2023-11-17 15:55:44.765000-05:00
8,7,4704fb679220b3879edfa3a853d55fbd,43.72268,-79.37644,Sunnybrook Health Centre - L Wing,2023-11-17 15:55:44.903000-05:00
26,0,8e40f60a48a909297b4114be18956d5c,43.6504218,-79.4407647,Dundas St W / St Helen's Ave - SMART,2023-11-17 15:55:44.933000-05:00
15,1,2ad52acd0c231c654b488e03060224f2,43.68850459999999,-79.3940052,Yonge St / St Clair Ave,2023-11-17 15:55:45.584000-05:00
9,21,1a0670e4e55fe4259c105c6803651334,43.641705,-79.393295,Spadina Ave / Blue Jays Way,2023-11-17 15:55:44.289000-05:00
19,3,9d145fd59618d68dab06dba1c8900fe9,43.647663,-79.487583,Bloor St W / Riverside Dr,2023-11-17 15:55:44.168000-05:00
9,1,ea3315c38d0d6b79d5e38457850a1cfc,43.720998,-79.377456,Sunnybrook Health Centre - S Wing,2023-11-17 15:55:44.902000-05:00
4,8,9e3c071c1a1b47ea05a20fa713416614,43.72814640000001,-79.4032194,Yonge St / Woburn Ave - SMART,2023-11-17 15:55:44.373000-05:00
5,14,238f97722fa9fb7a59373178433ee0bb,43.652327224103,-79.3882538196087,Simcoe St / Michael Sweet Ave,2023-11-17 15:55:44.673000-05:00
0,7,bac1dcd28fcdff0438987edfef742154,43.6438602,-79.4227573,Queen St W / Dovercourt Rd,2023-11-17 15:55:45.004000-05:00
9,16,b5473ba8329a31e18dfbc5067cf61369,43.64920406876699,-79.49336334201408,King's Mill Park,2023-11-17 15:55:45.240000-05:00
8,26,ac69c04aecded671ae0de9f0ab51873b,43.6503935,-79.3860211,University Ave / Richmond St W,2023-11-17 15:55:45.587000-05:00
9,7,2a56ebfe680276d40a591ef322457f70,43.6399714,-79.39940399999999,135 Queens Wharf Rd - SMART,2023-11-17 15:55:44.150000-05:00
19,0,fc6389e5eba6c99ed3c0185b65c9cb5c,43.68827060022711,-79.43937767081853,406 Oakwood Ave,2023-11-17 15:55:44.093000-05:00
14,9,3681db49ef2d337bfb035ab1ac33e2c2,43.6614605,-79.37894570000002,Granby St / Church St - SMART,2023-11-17 15:55:45.283000-05:00
19,1,d10b85cd917407519f2491252a022a01,43.69413548199171,-79.30058718775287,Lumsden Ave / Eastdale Ave,2023-11-17 15:55:45.534000-05:00
22,1,2cf04264d349d318f68193444d9c5ad0,43.7254665,-79.40115449999999,Yonge St / Lawrence Ave E,2023-11-17 15:55:44.685000-05:00
26,9,b63112d639d75af6c2e5481df147cf77,43.7083577,-79.39886200000001,Yonge St / Orchard View Blvd,2023-11-17 15:55:44.480000-05:00
3,10,8e1aceb253c43b2648c7a7bc41ae1023,43.63840090000001,-79.4197107,Hanna Ave / Liberty St,2023-11-17 15:55:44.679000-05:00
10,9,7398115d8ae10074445ef787822317dd,43.7027268,-79.33368089999999,Lower Don River Trail and Taylor Creek Trail,2023-11-17 15:55:45.251000-05:00
13,3,3941abb3cf0f4b0fed316e0a2ed7452f,43.70567,-79.310554,St Columba Pl / St Clair Ave E,2023-11-17 15:55:45.535000-05:00
5,13,9eb5acc897b27515ad12ee8fade63062,43.635,-79.4088888888889,Strachan Ave / Princes' Blvd,2023-11-17 15:55:44.361000-05:00
7,8,8b5819a5a6fb1ea79521a607ebb0a5ab,43.656784782853144,-79.35627385059036,King St E / River St,2023-11-17 15:55:44.873000-05:00
9,5,bc0aa12455a97e86cf1be415300027db,43.732016,-79.403637,Yonge St / Golfdale Rd,2023-11-17 15:55:44.504000-05:00
17,1,685abb6b7df0fc0b474505ef5e2663fe,43.67468857448634,-79.36701962396272,640 Bloor Street E,2023-11-17 15:55:45.474000-05:00
5,7,2fe7046cdd8cc701a2240f52b9e8555f,43.727365488246306,-79.3814254607724,York University (Glendon Campus) - SMART,2023-11-17 15:55:44.364000-05:00
15,0,37b4b6822fe05d33d64c2a174a23a4ee,43.6846177,-79.39245919999999,1303 Yonge St - SMART,2023-11-17 15:55:44.365000-05:00
7,9,db63343ae1e174637ed6eba3912c4440,43.77345,-79.5002,York University Station (South) - SMART,2023-11-17 15:55:44.347000-05:00
15,0,ef56a1cd06ce475b3420570afbced3fa,43.686442,-79.313404,Woodbine Subway Station,2023-11-17 15:55:45.575000-05:00
22,11,e5f767772c705d8231b6b198de4aa458,43.66402799999999,-79.40297869999999,Spadina Ave / Sussex Ave - SMART,2023-11-17 15:55:44.917000-05:00
8,29,fc7fa6476f3fce587eeb9e2200faa005,43.65049,-79.3873,Simcoe St / Queen St W,2023-11-17 15:55:45.202000-05:00
25,1,a93e2f7df07b08d45c3ae0a1502c184c,43.64134790000001,-79.4013882,Bathurst St / Front St W,2023-11-17 15:55:45.073000-05:00
4,19,ca19ceffb308e52cc30e908f7dd57475,43.64215,-79.377,Bay St / Harbour St (East),2023-11-17 15:55:44.683000-05:00
12,3,b64e9d0701f0c67b654468e6bfdba32a,43.6392777,-79.4115736,East Liberty St / Western Battery Rd,2023-11-17 15:55:44.839000-05:00
6,16,5e955f1219b3ebaf906b808073da5e1e,43.645102,-79.39744979999999,King St W / Brant St,2023-11-17 15:55:45.052000-05:00
8,1,3a6af188aaae40c51d6ec8d22cd104d2,43.6602021,-79.4342726,Bloor St W / Gladstone Ave - SMART,2023-11-17 15:55:45.050000-05:00
5,10,479d21ebdac47eb8e30a209268e0bebe,43.644887,-79.45641169999999,High Park Blvd / Parkside Dr,2023-11-17 15:55:45.086000-05:00
6,16,9be84ceedbc228a38abe565a95d0d0ab,43.680012,-79.34403250000001,20 Eaton Ave,2023-11-17 15:55:45.079000-05:00
9,6,3ffc414d28a17036998674a120f66c6f,43.637381,-79.406112,Fort York Blvd / Garrison Rd,2023-11-17 15:55:44.779000-05:00
16,11,32444ff0455dc908ae997a28379ebe7d,43.63811,-79.397877,Housey St / Dan Leckie Way,2023-11-17 15:55:45.191000-05:00
14,0,bf59891d338ebdd311b6d839cdde77b8,43.64957,-79.432446,1525 Dundas St W,2023-11-17 15:55:44.366000-05:00
3,6,32b49dd6da901eac98ec2028f4447d71,43.6700692,-79.2971326,85 Lee Ave,2023-11-17 15:55:44.563000-05:00
18,1,a5836251279be7a7699855d904f4ddf0,43.6559476,-79.37558829999999,Mutual St / Shuter St (Arena Gardens),2023-11-17 15:55:44.565000-05:00
3,15,010507feed5b8d87c40cd95933ed5654,43.6677628,-79.30811709999999,Queen St E / Joseph Duggan Rd,2023-11-17 15:55:44.530000-05:00
19,0,941a4749a64f58b21da983a2c679ee40,43.6750806,-79.3068697,Heyworth Cres / Kingston Rd,2023-11-17 15:55:44.540000-05:00
12,0,d9103bade315662e56fbbc902b342ee6,43.6754247,-79.4547813,St Clair Ave W / Caledonia Rd,2023-11-17 15:55:44.570000-05:00
8,14,e7c767f3a1e8dcb9a41229a68b69eaad,43.6409957,-79.40966630000001,Wellington St W / Stafford St,2023-11-17 15:55:44.780000-05:00
3,10,a7060ce11ef209bd9f6905ab5bd50a34,43.6593483,-79.34993659999999,111 Broadview Ave,2023-11-17 15:55:44.224000-05:00
18,0,947c5660ee75d790b7db219013ea64e7,43.67168,-79.421192,Christie St / Dupont St,2023-11-17 15:55:44.553000-05:00
9,3,b59204ea6e3eaa8ade44469b0cd3703e,43.652634,-79.374222,Richmond St E / Jarvis St Green P,2023-11-17 15:55:45.501000-05:00
15,4,b01afd080bfe7a9ae061756b868ef9f0,43.6613642,-79.3641171,Oak St / Sackville St,2023-11-17 15:55:44.229000-05:00
13,4,4c1ee1ccabcd1c9eaca449e5b3bbbb6f,43.6808774,-79.3304491,24 Mountjoy Ave,2023-11-17 15:55:44.219000-05:00
3,14,d2505c265a6e749d5d2be70c140f029d,43.6623658,-79.3413344,Colgate Ave / Carlaw Ave,2023-11-17 15:55:44.220000-05:00
20,5,a2f8dc99e24a4f75d8d8f3f98efbc535,43.6791345,-79.3263159,Felstead Ave/Gillard Ave (Monarch Park),2023-11-17 15:55:44.217000-05:00
1,13,290fef611ea995910eb2d8e6dee93350,43.6478206,-79.3704721,Lower Jarvis St / The Esplanade,2023-11-17 15:55:44.682000-05:00
10,8,31d87930da4eacc3748b5fee65f96259,43.635495,-79.40352209999999,Coronation Park (Martin Goodman Trail),2023-11-17 15:55:44.218000-05:00
19,4,edbbbbc2b0bd5c8322b6395633ce610c,43.6868681,-79.3110942,101 Cedarvale Ave,2023-11-17 15:55:44.232000-05:00
14,0,61b868926458c2406053b0bf2f81dcd6,43.678177,-79.435364,St Clair Ave W / Oakwood Ave,2023-11-17 15:55:44.577000-05:00
21,0,804d113fb2dbc6b44947189e9e8bff7d,43.6962302,-79.39504339999999,Beltline Trail / Yonge St,2023-11-17 15:55:44.233000-05:00
13,2,7a271c4cbc993e06ac677f78d5b6ba4b,43.667076,-79.425116,Shaw St / Essex St - SMART,2023-11-17 15:55:44.690000-05:00
15,0,d24c01668df7f8e972f3e5980bf1fc6e,43.68005,-79.43469,St Clair Ave W / Robina Ave,2023-11-17 15:55:44.230000-05:00
15,4,a76d410d56c1dadfbc8960683df209e2,43.675648,-79.4527619,Joseph J Piccininni Community Centre,2023-11-17 15:55:44.659000-05:00
13,0,910e92b9e361308bb305c6780fce822f,43.6677246,-79.4041365,11 Spadina Rd,2023-11-17 15:55:44.732000-05:00
3,8,56275b952451bea6cdc0a9e666ea363f,43.648437,-79.39838,Vanauley St / Queen St W - SMART,2023-11-17 15:55:44.580000-05:00
27,3,2904c293698dc248004b5f43e1a28f80,43.6673,-79.374,Sherbourne St / Wellesley St E,2023-11-17 15:55:44.454000-05:00
0,22,2e6dd23e4dee03087c5e80f76cda5519,43.6517925,-79.38269509999999,Queen St W / Bay St (City Hall),2023-11-17 15:55:45.325000-05:00
6,13,90753b36d53f9713816264fff0eb5cba,43.6372958,-79.4423237,Queen St W / Roncesvalles Ave,2023-11-17 15:55:44.472000-05:00
14,1,19997314e5dc85c591c39255f1081992,43.6554793,-79.4302462,Havelock St / Dewson St,2023-11-17 15:55:44.732000-05:00
22,0,e28bec2cacb249601ba4e3da8ce10aa3,43.686352,-79.415894,St Clair West Subway Station - Heath Entrance,2023-11-17 15:55:45.221000-05:00
2,20,e15764d43dae2febba437044f0b41c0d,43.6442457,-79.41610440000001,Queen St W / Shaw St,2023-11-17 15:55:44.734000-05:00
10,4,02d90c8ede19da66083e0d0e14d17258,43.7741,-79.5005,York University Station (North),2023-11-17 15:55:44.355000-05:00
14,0,70f4c2f125f887140a39865c643b83e1,43.683979,-79.410657,Spadina Rd / St.Clair Ave West,2023-11-17 15:55:45.585000-05:00
5,8,a73d255f1af70c61f91b4bbf216054ec,43.6472019,-79.3953394,Spadina Ave / Adelaide St W,2023-11-17 15:55:44.277000-05:00
6,8,d6bc7298aa11006015119e2e237ce83d,43.6513927,-79.35794659999999,Cherry St / Mill St,2023-11-17 15:55:45.271000-05:00
17,0,a385b32a5f6b3de23ce3def7f59ecbc1,43.6647688,-79.3772602,Jarvis St / Maitland Pl,2023-11-17 15:55:44.495000-05:00
3,17,d21421de2283d1ef48895cf1810b0200,43.6506,-79.381285,Temperance St / Bay St,2023-11-17 15:55:44.733000-05:00
2,11,fca601c1041c34a9c42af38d71e7403a,43.6408346,-79.3429074,Cherry Beach Sports Fields (55 Unwin Ave),2023-11-17 15:55:44.248000-05:00
18,0,89a0071a8f7f69a70263dd5c0d9d64f5,43.6585504,-79.4497659,Randolph Ave / Perth Ave,2023-11-17 15:55:44.682000-05:00
23,5,0ec6c1acd2e8975a5a2d5ddfe6028115,43.6484201,-79.40051919999999,Wolseley St / Augusta Ave,2023-11-17 15:55:44.719000-05:00
2,9,a3246dc710b72e282aabc15520392d98,43.693187,-79.314283,Lumsden Ave / Cedarvale Ave,2023-11-17 15:55:44.735000-05:00
7,3,e8fa9e1f75a6a3e6795f420149665538,43.6425791,-79.40011729999999,Niagara St / Portland St,2023-11-17 15:55:44.736000-05:00
1,15,4c9eb7bf1d6f6464b60956afb4cb7bc6,43.6469251,-79.3733192,Church St / The Esplanade,2023-11-17 15:55:44.737000-05:00
5,4,eec8016afd7a2c9574726724fc5bbab9,43.6463574,-79.391206,Widmer St / King St W,2023-11-17 15:55:45.076000-05:00
15,0,f01e7413a6af4607ca80257160d89ae6,43.6682342,-79.3702641,Wellesley St E / Parliament St,2023-11-17 15:55:45.077000-05:00
14,0,90fadd5570633a9503c556d49fcd59b8,43.6791876,-79.39071899999999,Yonge St / Macpherson Ave,2023-11-17 15:55:45.078000-05:00
15,0,2e3ac17daffcf4eac85216832f31a3b5,43.674446,-79.398331,Davenport Rd / Bedford Rd,2023-11-17 15:55:45.610000-05:00
8,11,15b272ca422dbbafeb002f3a84d15436,43.6658804,-79.38761010000002,St. Joseph St / Bay St - SMART,2023-11-17 15:55:44.381000-05:00
13,1,9144e4fe1b004cd29d1f4a056a3542fc,43.68035,-79.28357,Victoria Park Ave / Kingston Rd,2023-11-17 15:55:45.551000-05:00
6,11,328543a3291fd54d24971108f96bb053,43.6535052,-79.3667689,Ontario St / Adelaide St E -SMART,2023-11-17 15:55:45.466000-05:00
14,1,6140f3635573c8910f854df84e633837,43.702418581463505,-79.2563167072858,Highview Ave / Kennedy Rd,2023-11-17 15:55:45.549000-05:00
6,7,8e671c6621816f2d0003b23c0bda5e08,43.68824135931814,-79.27046628033244,Kingston Rd / Warden Ave,2023-11-17 15:55:45.550000-05:00
9,5,88ede41a08aa08dfee94f811a9834e1b,43.691688,-79.265027,Birchcliff Ave / Kingston Rd,2023-11-17 15:55:45.554000-05:00
3,12,3db3e716f02f4035f98fc1f07a0fecd9,43.697490048103,-79.25655146462776,Kingston Rd / Glen Everest Rd,2023-11-17 15:55:45.552000-05:00
14,1,a4e9775f52cd109d87faa6d5de6a395a,43.69401297794256,-79.26257204548136,Birchmount Rd / Kingston Rd,2023-11-17 15:55:45.553000-05:00
6,9,bfa44ca6c3c167b3a804a93fc1f0ce36,43.6929478,-79.28339980000001,Pharmacy Ave / Danforth Ave,2023-11-17 15:55:45.549000-05:00
8,6,719e676d739529c8d5da8bb89c5c8678,43.6950192,-79.27180659999999,Danforth Ave / Warden Ave,2023-11-17 15:55:45.555000-05:00
11,8,4458cd04d9fb8c770ac4bae9d9db2d63,43.69263249999999,-79.4627536,Eglinton Ave W / Gilbert Ave,2023-11-17 15:55:45.650000-05:00
9,6,f01ce5efb5e67f30b96994096ac1d300,43.7105975,-79.2541175,Sharpe St / Park St (Sandown Park),2023-11-17 15:55:45.617000-05:00
3,16,237e73b6b68d9b4f9ce8dded10a8863b,43.69415,-79.45782580000001,Eglinton Ave W / Prospect Cemetery,2023-11-17 15:55:45.649000-05:00
18,1,5d50213748a35f8c70977b69abac0ef3,43.70163,-79.44099,Marlee Ave / York Beltline Trail,2023-11-17 15:55:45.656000-05:00
6,8,6e21dd07c568ac71711f1358b58c7f3c,43.688028,-79.460265,Bert Robinson Park,2023-11-17 15:55:45.659000-05:00
14,9,e59ebca743500b50891c5d639a6ef349,43.68323,-79.455765,Rogers Rd / Prospect Cemetery,2023-11-17 15:55:45.658000-05:00
13,0,3098e8839fd687446744220b13c1744e,43.69466,-79.45376999999999,Eglinton Ave W / Ennerdale Rd,2023-11-17 15:55:45.657000-05:00
9,0,5f06c49f182da959fa0f03e746fc2e4a,43.6784834,-79.3513564,Chester Subway Station,2023-11-17 15:55:45.253000-05:00
13,6,8078f553106f543301e06cb4942063c0,43.65016869999999,-79.4963345,Bloor St W / Old Mill Trl,2023-11-17 15:55:45.625000-05:00
8,6,1b853c3b515bbb20d04729c8059f08ee,43.6492,-79.50601999999999,Wendover Rd / Bloor St W (Green P),2023-11-17 15:55:45.631000-05:00
8,7,b97fe36c9f29990955a8b64d6be5f602,43.6897656,-79.2939525,Luttrell Ave / Danforth Ave,2023-11-17 15:55:45.306000-05:00
13,10,e7b2879f63e9d4253fe62838b99f9b4f,43.6357643,-79.4674917,1926 Lake Shore Blvd W,2023-11-17 15:55:44.579000-05:00
11,4,ab463b4b4fbf00bbfbe972989481ed7d,43.62369169999999,-79.4838132,36 Park Lawn Rd,2023-11-17 15:55:44.578000-05:00
14,1,ad95eee599a96b92c9849bfa5044bba0,43.648657,-79.458111,Howard Park Ave / Parkside Dr,2023-11-17 15:55:45.618000-05:00
6,15,501cea9e754b07ac8713b850ea9b13f2,43.671293,-79.380471,Ted Rogers Way / Bloor St E,2023-11-17 15:55:45.206000-05:00
11,1,b1ab2925abdc520ac548b7e700077bb9,43.699327072589426,-79.4493630391668,Walter Saunders Park,2023-11-17 15:55:44.566000-05:00
12,3,7c454a73ac552534dbda2c7e18d700f2,43.63560589999999,-79.4934616,Park Lawn Rd / Berry Rd,2023-11-17 15:55:44.565000-05:00
8,11,d98ed5a52cd490b3cc4aa57f11510ecb,43.7611741,-79.5114452,Tobermory Dr / Finch Corridor Trail,2023-11-17 15:55:44.568000-05:00
8,10,d18724327840a287a10b260d5b3e0b3a,43.7603624,-79.5162777,Driftwood Ave / Finch Corridor Trail,2023-11-17 15:55:45.281000-05:00
20,0,7ef4283f9ce9f067e7127e5431d45f81,43.62313,-79.4918,Grand Avenue Park,2023-11-17 15:55:45.470000-05:00
9,6,1c756a37352a017e82b4f3d678d00590,43.772445,-79.511912,The Pond Rd / Shoreham Dr,2023-11-17 15:55:44.546000-05:00
2,9,cc1432c52b1e87a738180d369ed1136b,43.653359,-79.365023,Berkeley St / Adelaide St E - SMART,2023-11-17 15:55:45.467000-05:00
9,1,a558e5fb7b283d40286ff45d4f2d1d9f,43.70643614257429,-79.25104443353288,Kingston Rd / Ridgemoor Ave,2023-11-17 15:55:45.548000-05:00
3,2,7598cfd1da04463554587807fee08a3d,43.655972,-79.370638,Moss Park,2023-11-17 15:55:45.200000-05:00
0,17,354bb1fec6b6bcc47b0f2632de2f270e,43.641952,-79.380723,York St / Lake Shore Blvd W,2023-11-17 15:55:45.019000-05:00
2,8,44e60e088e0130eb438a3c64cd6074e8,43.646552,-79.399586,St. Andrew's Playground Park,2023-11-17 15:55:44.721000-05:00
0,10,9951452d4d7b06a7090aad89d539aee1,43.6591529,-79.3947953,College St / Henry St ,2023-11-17 15:55:44.813000-05:00
22,0,01136ad859ed85b0b15029e1b1e702fc,43.659055,-79.440764,Emerson Ave / Bloor St W,2023-11-17 15:55:44.657000-05:00
18,1,99585d4f6ec47a797c42027b8c246d25,43.669576,-79.375961,Sherbourne St / Isabella St,2023-11-17 15:55:45.540000-05:00
13,6,8227765aa9d7a960abddcabec4194956,43.706466,-79.29511,Victoria Park Ave / Dawes Rd,2023-11-17 15:55:44.522000-05:00
18,1,c6970dbdfda7b8de482a4f593ed5e4f8,43.646314469245205,-79.44879407014527,Roncesvalles Ave / Fermanagh Ave,2023-11-17 15:55:44.231000-05:00
20,10,9239e6ede8fefff4cde18784c4dd82b0,43.65222662225532,-79.32295440954084,Tommy Thompson Park (Leslie Street Spit),2023-11-17 15:55:44.761000-05:00
11,3,42fd6840fd4d296944709870c6b07d83,43.66526761605873,-79.47502122887077,St. John's Rd / Dundas St W,2023-11-17 15:55:44.782000-05:00
15,0,d0d1e35af38818e4f0d4ce2e983ddb67,43.66554144421798,-79.41010317605742,Albany Ave / Bloor St W,2023-11-17 15:55:44.805000-05:00
2,9,8f1ec0b715c806c73e96db74922ca163,43.77649016265579,-79.5085364909097,Pioneer Village Subway Station,2023-11-17 15:55:44.806000-05:00
4,16,32f618847043b8011f80333b5e7ea8b3,43.655431,-79.380653,Toronto Eaton Centre (Yonge St) - SMART,2023-11-17 15:55:44.264000-05:00
7,6,9c273cbe285ff5d1a12e3736a77fa9df,43.65351799690878,-79.38591063795928,Armoury St / Chestnut St,2023-11-17 15:55:44.825000-05:00
7,8,6ef5beb81c4c0140029ebf4bf192fcf5,43.59119994025076,-79.54449133041076,Lake Shore Blvd W / Brow Dr,2023-11-17 15:55:45.220000-05:00
10,13,59c65f9b8ad030535168838f871d5895,43.6544839,-79.34105699999999,25 Booth Ave,2023-11-17 15:55:45.074000-05:00
13,10,36e4390d0f95acd44b5c85f49217d360,43.65082785552666,-79.39698099821702,Spadina Ave / Sullivan St,2023-11-17 15:55:45.373000-05:00
8,2,5497bba2b352b75075542bf5a290dd8a,43.673843560032594,-79.46092618902435,St. Clair Ave W / Osler St,2023-11-17 15:55:45.337000-05:00
3,12,9fd381407b51a700753caec17607a127,43.647508351306186,-79.38604436555764,Simcoe St / King St W,2023-11-17 15:55:45.336000-05:00
4,8,af7fe7debf2e8521bcdd991c1bd0b6be,43.71513211098082,-79.33413623320465,Grenoble Dr / Gateway Blvd,2023-11-17 15:55:45.336000-05:00
11,4,427a1106d58263dd1af25b459ea419b1,43.71649675774656,-79.33089439933623,Grenoble Dr / Deauville Ln,2023-11-17 15:55:45.335000-05:00
6,5,5ef85e20443d6510beb1604c56a32dab,43.715537998967406,-79.32811427663442,Grenoble Dr / Vendome Pl,2023-11-17 15:55:45.334000-05:00
4,9,5a0b70488e83a9220011c89551d6a7de,43.70400405297843,-79.34807015078738,Thorncliffe Park Dr / Leaside Park Trail,2023-11-17 15:55:44.724000-05:00
11,6,b621c72d79bc4d5df4258a78fa83412d,43.719632535237835,-79.33199950866776,Ferrand Dr / Rochefort Dr,2023-11-17 15:55:44.750000-05:00
4,9,a7094de32ada64b8fdd296f2ae3960d0,43.70656159598004,-79.36781965092621,165 McRae Dr,2023-11-17 15:55:44.206000-05:00
6,3,7cf109e173e4734690f71b81a35ac57d,43.70518328279426,-79.34224729962946,75 Thorncliffe Park Dr,2023-11-17 15:55:44.509000-05:00
9,6,c1a843f198dd5b944533f5b53672a120,43.70088225686968,-79.38736016665911,Mount Pleasant Rd / Davisville Ave - SMART,2023-11-17 15:55:44.700000-05:00
15,0,f4d33af4f0cfe71c2bc31fa004030b47,43.68688938028234,-79.40099513147447,St Clair Ave W / Avenue Rd ,2023-11-17 15:55:44.705000-05:00
1,25,5e41d051a93e4087fc80e372089dbd6c,43.63796,-79.387502,HTO Park (Queens Quay W),2023-11-17 15:55:44.356000-05:00
14,1,dd65003e27abc37a3a1e5b524eb00203,43.65484215542248,-79.40351232494366,Nassau St / Bellevue Ave,2023-11-17 15:55:45.573000-05:00
1,17,8facbe8d87dc7f1fd7ea00321ba78b50,43.6637,-79.400053,Huron St / Harbord St,2023-11-17 15:55:45.478000-05:00
14,0,eb524dc294d5460d6f1d4cdf90b6351f,43.662857,-79.44618,Ward St / Wallace Ave,2023-11-17 15:55:45.620000-05:00
3,16,18205da5f64c1666d9a9fc2edca93988,43.788319,-79.123505,Starspray Blvd / Lawrence Ave E,2023-11-17 15:55:44.985000-05:00
2,16,7a666ee6c60a7f8ffec9334924d36c6a,43.643025055165865,-79.39430137761319,The Well,2023-11-17 15:55:44.567000-05:00
9,10,5335413d6fb1eedf5db4e61589946795,43.7482972,-79.47570569999999,60 Carl Hall Rd - SMART,2023-11-17 15:55:44.699000-05:00
2,29,3c09457be4ce775b0cd37e8b073f4ee8,43.63737145931921,-79.38976958703309,HTO Park West,2023-11-17 15:55:44.694000-05:00
2,16,c0cb4d9e138defbdefd1f862cf2bd095,43.73673829262113,-79.48227195568086,Downsview Park Blvd / Keele St  - SMART,2023-11-17 15:55:44.696000-05:00
17,2,9e69637f78eb0df524d0ac37abb4c431,43.753107,-79.479626,Downsview Park Subway Station - SMART,2023-11-17 15:55:44.313000-05:00
15,1,7b645bb451744c620f391544a625888d,43.7494501,-79.4869662,Keele St / Dovehouse Ave - SMART,2023-11-17 15:55:44.697000-05:00
3,12,a79d5810f694370a821fd385145cb109,43.637695491830144,-79.42023184193503,Exhibition GO (Atlantic Ave),2023-11-17 15:55:44.437000-05:00
1,21,3dbd618c6fba43406cf1b8cf9165647b,43.64392767366328,-79.3687301736982,Queens Quay E / Lower Jarvis St ,2023-11-17 15:55:44.240000-05:00
19,14,2ccced1dbd563c3842d265b565098de1,43.650033,-79.396555,Phoebe St / Spadina Ave,2023-11-17 15:55:45.204000-05:00
15,2,b1378d745af2e60fe542370cb6374226,43.639124514797004,-79.41423166721611,Lynn Williams St / Pirandello St ,2023-11-17 15:55:45.529000-05:00
7,28,c845b03b2ffaa03ebba13b5c61da3af2,43.640978,-79.376785,Bay St / Queens Quay W (Ferry Terminal),2023-11-17 15:55:45.578000-05:00
6,11,f8bbce635f366ade23994d02cb6fcc75,43.658148,-79.398167,College St / Huron St,2023-11-17 15:55:44.342000-05:00
19,7,be39936af5ab6b60d98a2d6756387909,43.663162,-79.309765,Northern Dancer Blvd / Lake Shore Blvd E,2023-11-17 15:55:45.566000-05:00
15,2,146c961dd6b178771287133da0629eba,43.67883,-79.408723,Spadina Rd / Austin Terrace,2023-11-17 15:55:44.661000-05:00
3,52,38d3408bfdf5a321a15ae61358af4aac,43.640132,-79.380464,York St / Queens Quay W,2023-11-17 15:55:44.394000-05:00
9,7,cc38e99861bed2afea72ec6211fecdbf,43.6451635,-79.3831757,Front St W / University Ave (1),2023-11-17 15:55:44.837000-05:00
9,6,ae77752fa855081311919ad282b18482,43.64817,-79.510392,Willingdon Blvd / Bloor St W (Green P),2023-11-17 15:55:45.305000-05:00
12,0,dbf9d3fb9932d05d7ddda51acd4d26b0,43.661324,-79.449534,Wallace Ave / Symington Ave - SMART,2023-11-17 15:55:44.266000-05:00
0,0,c89b262c82b9b2107a954987d36ad4a3,43.66496415990742,-79.38355031526893,Wellesley Station Green P,2023-11-17 15:55:44.318000-05:00
1,14,813af609ddd87595d5352942579a73a9,43.640741,-79.3798521,York St / Harbour St (Love Park),2023-11-17 15:55:45.250000-05:00
9,4,7fac6bfdffa0a7b4ff8a3f1ebd78da81,43.663102,-79.373181,Sherbourne St / Carlton St (Allan Gardens),2023-11-17 15:55:45.579000-05:00
19,8,f91f2493c8cca75e7c70987c8d0a516c,43.6322445,-79.4108105,Ontario Place Blvd / Lake Shore Blvd W,2023-11-17 15:55:44.359000-05:00
1,7,40e171b076eee2cc9b8405f394f0ace7,43.655103,-79.389295,Simcoe St / Dundas St W - SMART,2023-11-17 15:55:45.560000-05:00
17,0,8362e07e9e4d9c67eb283cae15684c8e,43.6563888888889,-79.4091666666667,College St / Markham St,2023-11-17 15:55:44.992000-05:00
16,11,71ecba080a7e19ebfb8dcde4964a5277,43.637894,-79.454823,Sunnyside - Gus Ryder Pool,2023-11-17 15:55:44.465000-05:00
23,0,ba4fc8dd224feedb2762d341bf58916f,43.6535269,-79.4650569,Bloor St W / High Park Ave (High Park),2023-11-17 15:55:44.467000-05:00
0,15,15e76731635f7e3ac4484228bc8f60ad,43.652686,-79.358395,Front St E / Cherry St,2023-11-17 15:55:44.891000-05:00
10,0,25b1225382e6b213b935daffe25fbfff,43.666850777484896,-79.38114574756837,519 Church St  - SMART,2023-11-17 15:55:45.249000-05:00
16,0,092cb5f641f627d7b43e321542ccc066,43.661152,-79.358505,Dundas St E / River St,2023-11-17 15:55:45.251000-05:00
13,1,daf29ca6d17e9b4b4921ebfb3fa749c4,43.659296,-79.358035,Shuter St/River St,2023-11-17 15:55:45.222000-05:00
11,3,83af92756a52874ce9bade85f065f4d1,43.667158,-79.402761,Madison Ave / Bloor St W,2023-11-17 15:55:44.337000-05:00
0,15,59ebd8c24f539c66f2fa4f178e75eb0a,43.69362206784152,-79.27710529695892,Danforth Ave / Danforth Rd,2023-11-17 15:55:45.530000-05:00
14,4,aa44f34bf848cea7d5570c51697d8ac4,43.72704086366749,-79.24391402446746,Brimley Rd / McCowan District Park,2023-11-17 15:55:45.509000-05:00
2,9,1829fb7bd0a98ee2fc523f35ea417baf,43.63735795888104,-79.43617975886079,King St W / Jameson Ave - SMART,2023-11-17 15:55:45.517000-05:00
10,5,8799c470baa28d22cc44e4efd611aef5,43.73596719224253,-79.21995221481933,Parkcrest Dr / Kingston Rd,2023-11-17 15:55:45.504000-05:00
12,7,7f760f7680dae3ad47ef0821337c8366,43.7154661,-79.2876595,Scarborough Soccer Centre,2023-11-17 15:55:45.510000-05:00
5,6,6f7157a5846ff850e7e5b9f6b8b450c4,43.642904395956684,-79.43746059447746,Lansdowne Ave / Seaforth Ave ,2023-11-17 15:55:45.519000-05:00
4,9,cc5bd0485cb1b99156098277af99641f,43.70688,-79.26850999999999,Danforth Rd / Birchmount Rd ,2023-11-17 15:55:45.526000-05:00
11,7,362434f77c0efeb50a5deb4ca9ce8969,43.697356080874876,-79.28528711019696,Pharmacy Ave / Teesdale Pl,2023-11-17 15:55:45.518000-05:00
11,0,ec83cf5759b66963ff5ea75bee4b9f1d,43.70960859570095,-79.39915125005619,Yonge St / Montgomery Ave - SMART,2023-11-17 15:55:44.373000-05:00
5,10,8fc44e8a98df79c9c41e04c531551a25,43.71176278859601,-79.27028152889692,552 Birchmount Rd,2023-11-17 15:55:45.525000-05:00
5,14,519ee649fcd1ad28beade12953db3732,43.671771,-79.324961,Highfield Rd / Gerrard St E,2023-11-17 15:55:45.307000-05:00
8,5,44d245c021bcfb69fed5e4b088d60dd5,43.7110442448186,-79.29127313845584,Eastgate Cres / Pharmacy Ave ,2023-11-17 15:55:45.527000-05:00
10,8,84e8e3827807916c9c3ac9b60404346d,43.7032112,-79.2787149,Firvalley Ct / Warden Ave,2023-11-17 15:55:45.527000-05:00
10,7,84dc7d9185e88915466d12f23fe07753,43.7128578,-79.2487086,Midland Ave / Kingston Rd,2023-11-17 15:55:44.971000-05:00
16,3,6228f42d28032bf18c0a7f9411df5fa0,43.7323277855009,-79.22496619876934,Bellamy Rd S / Kingston Rd,2023-11-17 15:55:44.969000-05:00
11,4,ec3b9fd9e808fc3e1819e802f02ea442,43.669821695059376,-79.39444614603269,Avenue Rd / Cumberland St ,2023-11-17 15:55:44.971000-05:00
1,14,07bf4729ad15e9e2d17d072dfb67e6b0,43.72690169821676,-79.22920396582664,Fenwood Ht / Kingston Rd,2023-11-17 15:55:44.965000-05:00
15,0,df05fe5ca5c71ce120962deaac85c1fa,43.67794376009951,-79.39836278587889,Avenue Rd / Macpherson Ave ,2023-11-17 15:55:44.966000-05:00
14,1,455237ee758de316844bd61287671f23,43.64309687937765,-79.42875613770637,Dufferin St / Queen St W,2023-11-17 15:55:44.997000-05:00
1,20,ffeaa2aaedeb18fc11f708bcd8323149,43.655350778457056,-79.38345966759798,Bay St / Dundas St W,2023-11-17 15:55:44.962000-05:00
0,13,1993b48e5142184f347f9d517f120d03,43.6412561641921,-79.41502994047545,Shaw St / King St W,2023-11-17 15:55:44.963000-05:00
3,10,6eaaf36cd079d08d973fdf24e217aa3d,43.6476,-79.4015,Portland St / Queen St W,2023-11-17 15:55:44.145000-05:00
20,3,f2bce10cc9ea50a3431d1ed152ff4e2c,43.6962750705313,-79.39629396191867,Yonge St / Merton St ,2023-11-17 15:55:44.970000-05:00
17,0,b602b86a935450f8aae69903762d466e,43.70430959999999,-79.3972815,Soudan Ave / Yonge St ,2023-11-17 15:55:44.973000-05:00
15,0,1458ace78e8ffe65dd60c610007afe8e,43.69711160305226,-79.40537298227844,Avenue Rd / Oxton Ave ,2023-11-17 15:55:44.974000-05:00
9,3,3b485775d2f902b5529790c4047dff24,43.68370788065334,-79.32262453633884,1612 Danforth Ave ,2023-11-17 15:55:44.423000-05:00
10,10,b542b8a95776fceb86045c831303a7cd,43.64299174164139,-79.42355911563249,Lisgar St / Queen St W - SMART,2023-11-17 15:55:44.423000-05:00
1,18,786a216c74ede38763e705b21c0284e2,43.657275497390124,-79.32661544194183,Leslie St / Commissioners St  ,2023-11-17 15:55:44.422000-05:00
9,1,3a73375ca8c3f3fc85b7b32ec080be5e,43.68698672516659,-79.33478198280334,Greenwood Ave / Sammon Ave,2023-11-17 15:55:44.421000-05:00
18,3,8b95bdc7ca8373821bef770b8f074c6c,43.65922918158098,-79.44320901022282,Lansdowne Subway Station,2023-11-17 15:55:44.443000-05:00
9,10,c6bd34bb3023288b5e87df2d3cbb5f43,43.71161098023304,-79.28055565662231,Warden Subway Station,2023-11-17 15:55:44.429000-05:00
6,8,0b46fa9ccc3ac1fa00d279abd7e73df2,43.74531103700256,-79.20970650787817,Kingston Rd / Scarborough Golf Club Rd,2023-11-17 15:55:44.428000-05:00
2,23,045a7a6b973238dc76bc058e4f33f143,43.647259,-79.379878,Wellington St W / Bay St,2023-11-17 15:55:45.490000-05:00
9,5,58d6f7db09c9e2f543e26eca10ea7cb6,43.67036917803197,-79.32782698645094,Greenwood Ave / Gerrard St E,2023-11-17 15:55:44.426000-05:00
3,23,dcbcf9c681fbd3e77dfbea6df0e070bc,43.6458569,-79.3853654,Simcoe St / Wellington St W South,2023-11-17 15:55:45.502000-05:00
0,15,f622ddb7efda3e9074e12ac16bc7fdd7,43.6509552,-79.3707,George St / King St E,2023-11-17 15:55:45.561000-05:00
41,5,9d62413fcaba8ee2d11737b28e8651be,43.649722,-79.416944,Dundas St W / Crawford St,2023-11-17 15:55:45.326000-05:00
0,13,5539f3700e4ce9e5701353a667924538,43.64570236705167,-79.41933192053696,Ossington Ave / Bruce St,2023-11-17 15:55:45.541000-05:00
9,1,5dc890e084bc63659659eb43adf210f5,43.66981064282057,-79.38801106873031,Bloor St W / Balmuto St,2023-11-17 15:55:45.558000-05:00
11,1,d16798795a3beff0c7f297cee88deb70,43.665278,-79.368333,Parliament St / Aberdeen Ave,2023-11-17 15:55:45.471000-05:00
10,3,e8761ce9af6e4ae2a1eaaaf420b2cd71,43.6798678328407,-79.33424613862303,Chatham Ave / Byron Ave,2023-11-17 15:55:44.425000-05:00
8,3,77d773b9a22a3e2a912a636d4ab89a54,43.71602024377182,-79.3047092517501,Wakunda Pl / O'Connor Dr,2023-11-17 15:55:44.720000-05:00
8,7,eaabca685376f1b1229969e68c26a1b9,43.71101621552703,-79.30675743891624,Tiago Ave / Westview Blvd,2023-11-17 15:55:44.412000-05:00
7,6,086ae84908444d2c0d0faf35deb1704f,43.70751755961952,-79.30252066313936,Plaxton Dr / St Clair Ave E,2023-11-17 15:55:45.610000-05:00
9,10,81449d406b64d7d94f71f69d5bac9ff2,43.717678679534906,-79.29961580314475,Victoria Park Ave / Edge Park Ave,2023-11-17 15:55:45.611000-05:00
4,11,8517a9c8716fe48386963ae0a6524f5a,43.6603874468082,-79.39537831814152,Galbraith Rd / King's College Rd,2023-11-17 15:55:44.765000-05:00
0,12,778b6d674fa920334fdf2f007088aa3f,43.6352007,-79.4187711,Exhibition GO Station,2023-11-17 15:55:45.124000-05:00
11,8,0b3845b3ae55066784a10c891be2131c,43.6333523484014,-79.41436313073005,Princes' Blvd / Nunavut Rd,2023-11-17 15:55:44.684000-05:00
10,14,b87051aeba987c7cf84dd59ab88c67bd,43.636804,-79.408832,800 Fleet St,2023-11-17 15:55:45.552000-05:00
1,17,c27d6b38deaf954439fb6fb0f7542045,43.781877158752955,-79.41528502874928,Finch Subway Station ,2023-11-17 15:55:45.612000-05:00
11,4,769a6cb25850b809d38c7a2620731b1e,43.70925763810859,-79.44169105036657,Glencairn Subway Station,2023-11-17 15:55:45.613000-05:00
4,10,216ff915cee84c00ebe3636ee1bc40bc,43.70820992643782,-79.45627808717194,Glen Long Community Centre,2023-11-17 15:55:45.614000-05:00
3,15,f0da3c366706de4cbcc2bba104331023,43.70756436685646,-79.46571474966814,Caledonia Rd / Lotherton Pathway,2023-11-17 15:55:45.615000-05:00
18,0,f17b2cacee03b81324030881d439f7a9,43.68402031135697,-79.45297885330353,Harvie Ave / Rogers Rd,2023-11-17 15:55:45.616000-05:00
2,14,843602f3de2dc3c06cfacd5bf0a1a0fe,43.766663817888656,-79.18521765344238,Ling Rd / Morningside Ave,2023-11-17 15:55:45.617000-05:00
9,9,73a39d0e39f18c0201caac2def38140f,43.62052630763223,-79.48320224237995,Lake Shore Blvd W / Legion Rd,2023-11-17 15:55:45.607000-05:00
5,6,a6e98c52c1541c26efb19ef524a95247,43.59841926031898,-79.51561102394257,Lake Shore Blvd W / Seventeenth St,2023-11-17 15:55:45.302000-05:00
13,2,a61c1c53028dc937958291979ad82de8,43.645389479325615,-79.5276822170925,Mabelle Park,2023-11-17 15:55:44.077000-05:00
4,10,558270f5714fec81ad57e09729ffb761,43.645658591546216,-79.52339938954925,Islington Subway Station (Aberfoyle Cres),2023-11-17 15:55:44.075000-05:00
0,9,b8ce9f7014a12acd13872c96630dc107,43.59445833196281,-79.53387390859834,Lake Shore Blvd W / Long Branch Ave,2023-11-17 15:55:45.301000-05:00
8,5,100594f0c1240ddcfb94c20a7fc54492,43.62649329992186,-79.50358167641535,Uno Dr / The Queensway,2023-11-17 15:55:45.301000-05:00
1,14,7e1ef79ac24de4ac7eded230e7caeff4,43.60191488118503,-79.49941888654288,Second St / Lake Shore Blvd W,2023-11-17 15:55:45.297000-05:00
9,5,71cf95ad04d0a455045bcc030c7dd282,43.64285244644315,-79.53199489206543,Bloor St W / Dundas St W (2),2023-11-17 15:55:45.298000-05:00
0,25,74c5097816c80c01188e97b00e93a4b6,43.650945,-79.379498,Temperance St Station,2023-11-17 15:55:45.577000-05:00
12,2,323fcb6c6ca04b1cc1ca2b361adb3217,43.70735572654095,-79.43723072209013,Viewmount Park,2023-11-17 15:55:45.290000-05:00
3,12,452b30fbf0fc84eedbd3a7723bdafea0,43.60116229109828,-79.50416046627045,Sixth St / Lake Shore Blvd W,2023-11-17 15:55:45.296000-05:00
0,22,14971ec1c8aa07165b67710a2afb84c2,43.650077,-79.391291,Queen St W / John St,2023-11-17 15:55:45.572000-05:00
11,3,2383fa5f5c21140fe68f8b6dda91a1b1,43.6460145694434,-79.39960497726345,Maud St / Adelaide St W,2023-11-17 15:55:44.723000-05:00
12,10,d926a243600989278d9df1e9156a8ac5,43.688153079245126,-79.48219789940566,York Recreation Centre,2023-11-17 15:55:44.722000-05:00
10,3,25beb3f096bca69d14c865774e03b0e8,43.695498400279796,-79.48809394482672,Trethewey Dr / Black Creek Dr,2023-11-17 15:55:44.722000-05:00
11,1,5fc306e019cf6a10e5f8096acfc2c910,43.698706949666914,-79.4756586460327,Keele St / Ingram Dr,2023-11-17 15:55:45.589000-05:00
8,9,a12d9002aaf2ad0f0f14c3952bd5e0ef,43.6743457123134,-79.4948437786083,Jane St / Haney Ave,2023-11-17 15:55:44.727000-05:00
14,1,ba8491c919d03c2df6ecfdd2f49bf386,43.668510906505354,-79.5007648392868,Scarlett Rd / Eileen Ave,2023-11-17 15:55:44.727000-05:00
6,7,487f2f445a917af1d4fecb653ab5323a,43.678276306636576,-79.50667332401198,Scarlett Rd / Old Scarlett Rd ,2023-11-17 15:55:44.725000-05:00
12,7,709a2d134b022632c50a0a7601762715,43.69143920681119,-79.46908634795456,Eglinton Ave W / Venn Cres,2023-11-17 15:55:44.726000-05:00
15,6,b5ad1157fda3b700cc6d0ffcd32295bc,43.68189526215492,-79.4736382392868,Rogers Rd / Bicknell Ave,2023-11-17 15:55:44.729000-05:00
11,3,8e7a7ed4aca59d5a9bd6606d2b3b5d08,43.7023860650084,-79.52594758324148,Cruickshank Park,2023-11-17 15:55:44.212000-05:00
9,6,3787fcc5d521f5f5a12d7c15d8ce4d51,43.706191092397106,-79.53262795581969,Mallaby Park ,2023-11-17 15:55:44.730000-05:00
17,2,d310230182f10034968c97f0c799ee0b,43.68735514096443,-79.50623313806341,Emmett Ave,2023-11-17 15:55:44.211000-05:00
2,12,4bb6616d228bef48cacf56e55952d22c,43.69144464414302,-79.50154583869246,Jane St / Weston Rd,2023-11-17 15:55:44.210000-05:00
13,1,b9968838980358b9b14c03e5894fd3e9,43.70673804962302,-79.50477543802873,Jane St / Queens Dr,2023-11-17 15:55:44.210000-05:00
5,36,1acb494034578036df5811294b853b12,43.69074600637147,-79.47820143344333,2700 Eglinton Ave W,2023-11-17 15:55:44.208000-05:00
4,22,df51480ffd94a7b3412a6d3cc7706585,43.6501644,-79.48296909999999,265 Armadale Ave,2023-11-17 15:55:44.233000-05:00
3,11,e5f9b21c3995c434d0978634faed2a08,43.74386580997666,-79.49181654358595,Sentinel Rd / Sheppard Ave W,2023-11-17 15:55:44.214000-05:00
19,3,2488c941ca12639d2852ad9cbba92626,43.651922,-79.465693,High Park - West Rd,2023-11-17 15:55:45.048000-05:00
12,10,1e9a239336b30d755305f5041c582f05,43.646251,-79.46472,High Park Amphitheatre,2023-11-17 15:55:45.667000-05:00
26,1,0f6db2aa8f96b5a7e102eb705b9ccc11,43.650154,-79.464934,High Park Outdoor Pool,2023-11-17 15:55:45.668000-05:00
6,8,d44a49765bc28c4e8f29edd8cb694294,43.72537884183677,-79.48719674218903,Humber River Hospital ,2023-11-17 15:55:45.543000-05:00
10,8,122f61f32933992b90325cf6b02de9d5,43.755583971122874,-79.47446032684479,Sheppard Ave W / Chesswood Dr,2023-11-17 15:55:44.214000-05:00
8,6,543865bb3e4e09a051a0cb31322af71e,43.702340220597975,-79.50347389514123,Jane St / Lawrence Ave W,2023-11-17 15:55:45.544000-05:00
5,9,33ec997a2ea47262cb99a5918f15691a,43.665304278965365,-79.39938263802871,Sussex Ave / St George St,2023-11-17 15:55:44.209000-05:00
7,8,3d2b767a1af0d75059d1fd78079d1216,43.75919330632997,-79.49001046850891,Keele St / Catford Rd,2023-11-17 15:55:45.545000-05:00
2,20,e441f2c2eb1ee656c751ae89b5f28ba9,43.64643026333144,-79.3618163165329,Queens Quay E / Merchants' Wharf,2023-11-17 15:55:44.183000-05:00
23,0,75e99d6d359bc2d11479941e6f9279e4,43.66273618779861,-79.36253100740966,Gerrard St E / Nasmith Ave ,2023-11-17 15:55:45.671000-05:00
12,18,32cbcb81d2d04a16ed2d1d2ed35220d4,43.644395,-79.40065430000001,King St W / Portland St,2023-11-17 15:55:45.076000-05:00
9,6,022818120bd4e5138186fe1ab57f791a,43.76073963892478,-79.5000273116394,Sentinel Rd / Finch Ave W,2023-11-17 15:55:45.609000-05:00
6,8,103d15a731b9d215637c447fea0c7209,43.74751496038769,-79.5132569853195,Oakdale Community Centre,2023-11-17 15:55:44.960000-05:00
10,5,fbc181887030746137034a35fb5f7cfd,43.77086729028769,-79.49812990660705,The Pond Rd / Ian Macdonald Blvd,2023-11-17 15:55:45.540000-05:00
23,0,1c0219e93091b1027eda482f4a31ded6,43.7063279,-79.3962499,75 Holly St,2023-11-17 15:55:44.241000-05:00
27,0,f9095ffa2741d962cd7c3c3bef2ab8a7,43.6518918789007,-79.40577861712723,Bathurst St / Dundas St W,2023-11-17 15:55:44.671000-05:00
20,3,86207afc6caf1d9931468449070c148e,43.659221843735615,-79.44277410244676,695 Lansdowne Ave ,2023-11-17 15:55:44.207000-05:00
15,0,ee019f1c082cac84d721e071f41b4e77,43.75531728502427,-79.51704708227844,Jane St / Yewtree Blvd,2023-11-17 15:55:45.542000-05:00
15,0,3586c281a5706af58a3e4d5d637e7bfc,43.73262849415089,-79.5381993243286,Weston Rd / Sheppard Ave W,2023-11-17 15:55:45.546000-05:00
15,0,161ab27f7f32ba3232c688d388731574,43.7503016975738,-79.51577557434386,Jane St / Yorkwoods Gt,2023-11-17 15:55:45.543000-05:00
12,0,71c3e15708c247a3520dc4cabef78d16,43.74931920634839,-79.5419939152054,Weston Rd / Lanyard Rd,2023-11-17 15:55:45.547000-05:00
15,0,3654ed1bd8516fddd2364502084cd01b,43.74845421407306,-79.5504039969242,Lindylou Rd / Lanyard Rd,2023-11-17 15:55:44.184000-05:00
15,0,3f09d8a338e4501752365339f106a1ff,43.76376964130183,-79.48809242593383,Tangiers Rd / Finch Ave W,2023-11-17 15:55:44.186000-05:00
16,0,8402cda81d70fbc893e5337366df8d58,43.661803,-79.389682,Queen's Park Cres E / Grosvenor St - SMART,2023-11-17 15:55:45.560000-05:00
11,0,eb00d171668cedf07334d8504a1dbd79,43.72749778259739,-79.32714222209015,Wynford Heights Cres / Concorde Pl,2023-11-17 15:55:44.185000-05:00
15,0,6b344a9f4d6c85f7a5f4dbd25dbb2cc3,43.72211166436462,-79.30864830919265,Bartley Park ,2023-11-17 15:55:44.205000-05:00
